Bundesland,Stadt,Festname,PLZ (Veranstaltungsort),Datum (2025/2026),Besucheranzahl (geschätzt),Anmerkungen
Bayern,Aichach,Stadtfest,86551,Ende Juni/Anfang Juli (z.B. 28.06.-30.06.2025 tba),15000-20000,Typischer Zeitraum; 2025 Termin noch nicht final bestätigt
Bayern,Amberg,Altstadtfest,92224,21.06.2025 - 22.06.2025,ca. 100000,Bestätigt für 2025
Bayern,Ansbach,Altstadtfest,91522,18.06.2025 - 22.06.2025,ca. 80000-100000,Bestätigt für 2025
Bayern,Aschaffenburg,Stadtfest,63739,22.08.2025 - 24.08.2025 (voraussichtlich),ca. 200000-300000,Typischer Zeitraum letztes Aug-WE; 2025 Termin tba
Bayern,Bad Brückenau,Stadtfest,97769,27.06.2025 - 29.06.2025,ca. 5000-10000,Bestätigt für 2025
Bayern,Bad Staffelstein,Altstadtfest,96231,25.07.2025 - 27.07.2025,ca. 20000,Bestätigt für 2025
Bayern,Bischofsheim a. d. Rhön,Stadtfest,97653,19.07.2025 - 20.07.2025,ca. 3000-5000,Bestätigt für 2025
Bayern,Ebermannstadt,Altstadtfest,91320,Mitte Juli (z.B. 11.07.-13.07.2025 tba),ca. 10000-15000,Typischer Zeitraum; 2025 Termin tba
Bayern,Erlangen,Marktplatzfest,91054,Verschiedene Feste am Marktplatz; kein einzelnes "Stadtfest" unter diesem Namen dominant,Besucher variieren stark je nach Event,Kein spezifisches "DAS Marktplatzfest"; eher saisonale Märkte/Events
Bayern,Füssen,Stadtfest Füssen (früher Streetfestival),87629,Mitte August (z.B. 15.08.-16.08.2025 tba),ca. 20000,Typischer Zeitraum; 2025 Termin tba
Bayern,Feuchtwangen,Altstadtfest,91555,31.05.2025 - 01.06.2025,ca. 10000-15000,Bestätigt für 2025
Bayern,Forchheim,"Stadtfest (oft St. Veit Fest oder Brückenfest)",91301,"St. Veit Fest: Juni (z.B. 20.06.-22.06.2025 tba); Annafest: Ende Juli/Anf. Aug.",Annafest: ca. 500000; kleinere Feste: ca. 10000,Mehrere Feste; Annafest ist das größte
Bayern,Freising,Altstadtfest,85354,19.07.2025,ca. 25000-30000,Bestätigt für 2025
Bayern,Günzburg,Guntiafest,89312,28.06.2025 - 29.06.2025,ca. 30000-40000,Bestätigt für 2025
Bayern,Geisenfeld,Bürgerfest,85290,Anfang Juli (z.B. 04.07.-06.07.2025 tba),ca. 10000,Typischer Zeitraum; 2025 Termin tba
Bayern,Großostheim,Bachgaufest,63762,Findet nur alle 4-5 Jahre statt (zuletzt 2019),"ca. 20000-30000 (bei letzter Austragung)",Nächster Termin nach 2019 noch unbestimmt (nicht 2025 erwartet)
Bayern,Hersbruck,Altstadtfest,91217,01.08.2025 - 03.08.2025 (voraussichtlich),ca. 20000-30000,Typischer Zeitraum 1. Aug-WE; 2025 Termin tba
Bayern,Herzogenaurach,Altstadtfest,91074,20.06.2025 - 22.06.2025,ca. 50000,Bestätigt für 2025
Bayern,Immenstadt i. Allgäu,Stadtfest,87509,Mitte Juli (z.B. 12.07.2025 tba),ca. 10000-15000,Typischer Zeitraum; 2025 Termin tba
Bayern,Kelheim,Kreisstadtfest,93309,04.07.2025 - 06.07.2025,ca. 20000-30000,Bestätigt für 2025
Bayern,Kempten,Stadtfest,87435,04.07.2025 - 06.07.2025,ca. 60000-80000,Bestätigt für 2025
Bayern,Kitzingen,Stadtfest,97318,30.05.2025 - 01.06.2025,ca. 20000-30000,Oft mit Promenadenweinfest kombiniert
Bayern,Kulmbach,Altstadtfest,95326,04.07.2025 - 06.07.2025,ca. 80000-100000,Bestätigt für 2025
Bayern,Lindau (Bodensee),Stadtfest,88131,12.07.2025,ca. 15000-20000,Bestätigt für 2025
Bayern,Mühldorf am Inn,Altstadtfest,84453,28.06.2025,ca. 20000,Bestätigt für 2025
Bayern,Münchberg,Stadtfest,95213,31.05.2025 - 01.06.2025,ca. 5000-10000,Bestätigt für 2025
Bayern,München,Stadtgründungsfest,80331,14.06.2025 - 15.06.2025,ca. 300000-500000,Bestätigt für 2025
Bayern,Mainburg,Altstadtfest,84048,"Mitte/Ende Juli (23.07.2025 in Liste, könnte Mi sein, oft WE)",ca. 5000-8000,Datum 23.07.2025 prüfen, oft am Wochenende
Bayern,Mellrichstadt,Stadtfest,97638,Ende Juni/Anfang Juli (z.B. 28.06.-29.06.2025 tba),ca. 8000-12000,Typischer Zeitraum; 2025 Termin tba
Bayern,Memmingen,Stadtfest,87700,28.06.2025,ca. 30000-40000,Bestätigt für 2025
Bayern,Nürnberg,Altstadtfest,90403,11.09.2025 - 22.09.2025 (voraussichtlich),"ca. 1 Million (über gesamten Zeitraum)",Typischer Zeitraum; 2025 Termin tba
Bayern,Neu-Ulm,Stadtfest,89231,Anfang Juni (z.B. 31.05.2025 tba),ca. 20000-30000,Typischer Zeitraum; 2025 Termin tba
Bayern,Neumarkt i. d. OPf.,Altstadtfest,92318,13.06.2025 - 15.06.2025,ca. 50000-70000,Bestätigt für 2025
Bayern,Neunburg vorm Wald,Altstadtfest,92431,"Alle 2 Jahre, Anfang Juli (zuletzt 2024, daher vsl. 2026)",ca. 10000,Nächstes regulär 2026 erwartet
Bayern,Neunkirchen am Brand,Bürger- und Heimatfest,91077,18.07.2025 - 21.07.2025,ca. 8000-12000,Bestätigt für 2025
Bayern,Olching,"Stadtfest (oft im Rahmen des Volksfestes)",82140,26.07.2025,"ca. 30000-50000 (Volksfest gesamt)",Datum im Rahmen des Volksfestes
Bayern,Ostheim vor der Rhön,Stadtfest,97645,20.06.2025 - 22.06.2025,ca. 5000-8000,Bestätigt für 2025
Bayern,Pegnitz,Marktplatzfest,91257,18.07.2025 - 19.07.2025,ca. 5000,Bestätigt für 2025
Bayern,Regensburg,Bürgerfest,93047,"Alle 2 Jahre; 20.06.2025 - 22.06.2025 (bestätigt)",ca. 250000-300000,Nächstes 2025
Bayern,Regensburg,OstenGassenfest,93047,Anfang Juli (z.B. 05.07.2025 tba),ca. 10000,Typischer Zeitraum; 2025 Termin tba
Bayern,Roth,Altstadtfest,91154,Ende August (z.B. 29.08.-31.08.2025 tba),ca. 20000-30000,Typischer Zeitraum; 2025 Termin tba
Bayern,Rothenburg ob der Tauber,Frühlings-Stadtmosphäre,91541,Mehrwöchig im Frühling (z.B. April 2025),Zehntausende über Zeitraum,Kein einzelnes Fest, eher Veranstaltungsreihe
Bayern,Ruhmannsfelden,Bürgerfest,94239,02.08.2025 - 03.08.2025,ca. 3000-5000,Bestätigt für 2025
Bayern,Schwabach,Bürgerfest,91126,25.07.2025 - 27.07.2025,ca. 30000-40000,Bestätigt für 2025
Bayern,Schwabmünchen,Stadtfest,86830,18.07.2025 - 20.07.2025,ca. 15000-20000,Bestätigt für 2025
Bayern,Schweinfurt,Stadtfest,97421,22.08.2025 - 24.08.2025 (voraussichtlich),ca. 80000-100000,Typischer Zeitraum letztes Aug-WE; 2025 Termin tba
Bayern,Simbach am Inn,Stadtfest,84359,27.06.2025 - 29.06.2025,ca. 10000-15000,Bestätigt für 2025
Bayern,Stadtbergen,Stadtfest,86391,"28.05.2025 - 01.06.2025 (um Christi Himmelfahrt)",ca. 10000,Bestätigt für 2025
Bayern,Stein,Stadtfest,90547,Mitte Juli (z.B. 11.07.-13.07.2025 tba),ca. 10000-15000,Typischer Zeitraum; 2025 Termin tba
Bayern,Vöhringen (Schwaben),Stadtfest,89269,11.07.2025 - 13.07.2025,ca. 8000-12000,Bestätigt für 2025
Bayern,Würzburg,Stadtfest,97070,26.09.2025 - 28.09.2025 (voraussichtlich),ca. 150000-200000,Typischer Zeitraum Ende Sep.; 2025 Termin tba
Bayern,Weißenburg in Bayern,Altstadtfest,91781,18.07.2025 - 20.07.2025,ca. 20000-30000,Bestätigt für 2025
Bayern,Wemding,Marktplatzfest,86650,Unregelmäßig; oft im Rahmen anderer Feste,"ca. 5000 (für vergleichbare Feste)",Kein spezifisches "Marktplatzfest" als Einzelevent jährlich
Berlin,Berlin-Charlottenburg,Fest der Nationen,10717,Sommer (genauer Termin 2025 schwer zu finden),"ca. 5000-10000 (variiert stark)",Mehrere Feste mit ähnlichem Namen/Konzept in Berlin
Berlin,"Berlin-Charlottenburg (Westend)",Frühlingszauber in der Preußenallee,14052,Anfang Mai (z.B. 03.05.-04.05.2025 tba),ca. 10000-20000,Typischer Zeitraum; 2025 Termin tba
Berlin,"Berlin-Charlottenburg (Westend)",Herbstzauber in der Preußenallee,14052,Anfang Oktober (z.B. 04.10.-05.10.2025 tba),ca. 10000-20000,Typischer Zeitraum; 2025 Termin tba
Berlin,Berlin-Hellersdorf,Erntefest auf dem Gutshof Hellersdorf,12627,Mitte September (z.B. 13.09.2025 tba),ca. 5000-10000,Typischer Zeitraum; 2025 Termin tba
Berlin,Berlin-Schöneberg,Lesbisch-schwules Stadtfest,10777,19.07.2025 - 20.07.2025,ca. 350000,Bestätigt für 2025
Berlin,Berlin-Köpenick,Katzengrabenfest,12557,Ende August/Anfang September (z.B. 30.08.2025 tba),ca. 3000-5000,Typischer Zeitraum; 2025 Termin tba
Brandenburg,Bad Freienwalde,Altstadtfest,16259,Ende August (z.B. 29.08.-31.08.2025 tba),ca. 8000-12000,Typischer Zeitraum; 2025 Termin tba
Brandenburg,Beeskow,Altstadtfest,15848,Anfang September (z.B. 05.09.-07.09.2025 tba),ca. 10000,Typischer Zeitraum; 2025 Termin tba
Brandenburg,Calau,Stadtfest,03205,Mitte August (z.B. 15.08.-17.08.2025 tba),ca. 5000-8000,Typischer Zeitraum; 2025 Termin tba
Brandenburg,Cottbus,Stadtfest,03046,20.06.2025 - 22.06.2025 (voraussichtlich),ca. 100000-150000,Typischer Zeitraum; 2025 Termin tba
Brandenburg,Eisenhüttenstadt,Stadtfest,15890,22.08.2025 - 24.08.2025 (voraussichtlich),ca. 100000,Typischer Zeitraum letztes Aug-WE; 2025 Termin tba
Brandenburg,"Fürstenwalde/Spree",Stadtfest,15517,30.05.2025 - 01.06.2025 (voraussichtlich),ca. 50000,Typischer Zeitraum Ende Mai/Anf. Juni; 2025 Termin tba
Brandenburg,Fehrbellin,Fehrbelliner Festtage,16833,Mitte Juni (z.B. 14.06.-15.06.2025 tba),ca. 3000-5000,Typischer Zeitraum; 2025 Termin tba
Brandenburg,Großräschen,Stadtfest,01983,Anfang September (z.B. 05.09.-07.09.2025 tba),ca. 5000-10000,Typischer Zeitraum; 2025 Termin tba
Brandenburg,Guben,Frühlingsfest an der Neiße,03172,23.05.2025 - 25.05.2025,ca. 20000,Bestätigt für 2025
Brandenburg,Kremmen,Traditionelles Erntefest,16766,12.09.2025 - 14.09.2025,ca. 15000-20000,Bestätigt für 2025
Brandenburg,Kyritz,"Altstadtfest (Teil der Knatter-Tage)",16866,27.06.2025 - 29.06.2025,ca. 5000-10000,Bestätigt für 2025
Brandenburg,"Lübben (Spreewald)",Spreewaldfest,15907,20.09.2025 - 22.09.2025 (voraussichtlich),ca. 30000-40000,Typischer Zeitraum 3. Sep-WE; 2025 Termin tba
Brandenburg,"Lübbenau/Spreewald","Spreewald- und Schützenfest",03222,04.07.2025 - 06.07.2025 (voraussichtlich),ca. 20000,Typischer Zeitraum 1. Juli-WE; 2025 Termin tba
Brandenburg,Lauchhammer,Stadtfest,01979,Ende August (z.B. 22.08.-24.08.2025 tba),ca. 8000-10000,Typischer Zeitraum; 2025 Termin tba
Brandenburg,Ludwigsfelde,"LuFest - Sommerfest",14974,Ende August/Anfang September (z.B. 29.08.-31.08.2025 tba),ca. 10000-15000,Typischer Zeitraum; 2025 Termin tba
Brandenburg,Niemegk,Stadtfest,14823,31.05.2025 - 01.06.2025,ca. 2000-3000,Bestätigt für 2025
Brandenburg,Oranienburg,Stadtfest mit Drachenbootrennen,16515,20.06.2025 - 22.06.2025,ca. 30000-50000,Bestätigt für 2025
Brandenburg,Perleberg,Rolandfest,19348,Anfang September (z.B. 05.09.-07.09.2025 tba),ca. 15000-20000,Typischer Zeitraum; 2025 Termin tba
Brandenburg,Potsdam,Böhmische Tage Babelsberg,14482,23.05.2025 - 25.05.2025,ca. 10000,Bestätigt für 2025
Brandenburg,"Schöneiche bei Berlin",Heimatfest,15566,20.06.2025 - 22.06.2025,ca. 5000-8000,Bestätigt für 2025
Brandenburg,Teltow,Stadtfest,14513,"Anfang Oktober (zum Tag d. Dt. Einheit, z.B. 03.10.-05.10.2025 tba)",ca. 100000-150000,Typischer Zeitraum; 2025 Termin tba
Brandenburg,Templin,Stadtfest,17268,Ende Mai/Anfang Juni (z.B. 30.05.-01.06.2025 tba),ca. 10000-15000,Typischer Zeitraum; 2025 Termin tba
Brandenburg,"Vetschau/Spreewald",Stadtfest,03226,Mitte Juni (z.B. 13.06.-15.06.2025 tba),ca. 5000,Typischer Zeitraum; 2025 Termin tba
Brandenburg,Wittenberge,"Stadt- und Hafenfest",19322,Mitte August (z.B. 15.08.-17.08.2025 tba),ca. 20000-30000,Typischer Zeitraum; 2025 Termin tba
Brandenburg,Zossen,Stadtfest,15806,Mitte Juni (z.B. 13.06.-15.06.2025 tba),ca. 5000-10000,Typischer Zeitraum; 2025 Termin tba
Bremen,Bremen,Viertelvergnügen,28203,Ende August/Anfang September (z.B. 30.08.2025 tba),ca. 80000-100000,Typischer Zeitraum; 2025 Termin tba
Hamburg,"Hamburg Altona","altonale (Straßenfest)",22765,"Anfang Juni (z.B. 30.05.-01.06.2025 tba, altonale gesamt länger)","ca. 500000 (Straßenfest)",Gesamte altonale über mehrere Wochen
Hamburg,"Hamburg Bergedorf","Stadtfest Bergedorf (Bergedorfer Stadtfest)",21029,22.08.2025 - 24.08.2025 (voraussichtlich),ca. 150000-200000,Typischer Zeitraum letztes Aug-WE; 2025 Termin tba
Hamburg,Hamburg-Eimsbüttel,Osterstraßenfest,20255,Ende April/Anfang Mai (z.B. 26.04.-27.04.2025 tba),ca. 200000,Typischer Zeitraum; 2025 Termin tba
Hamburg,Hamburg,Alstervergnügen,20354,"Wurde 2019 in alter Form eingestellt; Nachfolgeformate wie ""Jungfernstieg Sommer"" kleiner","Besucherzahlen für Nachfolgeformate geringer (Alstervergnügen früher bis 800k)",Kein "Alstervergnügen" im alten Stil erwartet
Hamburg,Hamburg-Barmbek,"Fuhle Straßenfest (Stadtfest Barmbek)",22305,Mitte September (z.B. 13.09.-14.09.2025 tba),ca. 150000-200000,Typischer Zeitraum; 2025 Termin tba
Hamburg,Hamburg-Winterhude,Stadtfest Winterhude,22303,Mitte September (z.B. 06.09.-07.09.2025 tba),ca. 100000,Typischer Zeitraum; 2025 Termin tba
Hamburg,"Hamburg (Uhlenhorst)",Uhlenhorster Stadtteilfest,22085,Ende August (z.B. 23.08.-24.08.2025 tba),ca. 80000-100000,Typischer Zeitraum; 2025 Termin tba
Hamburg,"Hamburg Hummelsbüttel","Hummelfest (Stadtteilfest)",22339,Ende Mai/Anfang Juni (z.B. 23.05.-25.05.2025 tba),ca. 20000-30000,Typischer Zeitraum; 2025 Termin tba
Hessen,Aßlar,Stadtfest,35614,Mitte Juni (z.B. 13.06.-15.06.2025 tba),ca. 8000-10000,Typischer Zeitraum; 2025 Termin tba
Hessen,Büdingen,Altstadtfest,63654,Unregelmäßig (nicht jedes Jahr),"ca. 10000 (bei Austragung)",Letztes größeres Fest länger her; kleinere Formate möglich
Hessen,Babenhausen,Altstadtfest,64832,Anfang September (z.B. 05.09.-07.09.2025 tba),ca. 15000-20000,Typischer Zeitraum; 2025 Termin tba
Hessen,Bad Wildungen,Stadtfest,34537,"Unregelmäßig als reines ""Stadtfest""; oft thematische Feste (z.B. Jazzfestival)","Besucher je nach Event (ca. 10000 für größere Feste)",Kein fixes jährliches "Stadtfest" unter diesem Namen, eher diverse Events
Hessen,Baunatal,Stadtfest Baunatal,34225,03.07.2025 - 06.07.2025,ca. 100000-150000,Bestätigt für 2025
Hessen,Bebra,"Kreisel- und Innenstadtfest",36179,Ende Mai (z.B. 23.05.-25.05.2025 tba),ca. 10000,Typischer Zeitraum; 2025 Termin tba
Hessen,Bensheim,Bürgerfest,64625,"19.06.2025 - 22.06.2025 (um Fronleichnam)",ca. 30000,"Typischer Zeitraum um Fronleichnam (in Liste 12.06. genannt, aber 19.06. ist Fronleichnam 2025)"
Hessen,Biblis,Bibliser Herbstvielfalt,68647,Mitte Oktober (z.B. 12.10.2025 tba),ca. 5000,Typischer Zeitraum; 2025 Termin tba
Hessen,Bruchköbel,Altstadtfest,63486,Ende August/Anfang September (z.B. 29.08.-31.08.2025 tba),ca. 20000,Typischer Zeitraum; 2025 Termin tba
Hessen,"Eppstein/Ts.",Altstadtfest,65817,Mitte Juni (z.B. 14.06.-15.06.2025 tba),ca. 10000,Typischer Zeitraum; 2025 Termin tba
Hessen,Eschborn,Eschenfest,65760,09.05.2025 - 11.05.2025 (voraussichtlich),ca. 20000,Typischer Zeitraum 2. Mai-WE; 2025 Termin tba
Hessen,"Frankenberg an der Eder",Herbststadtfest,35066,Ende September/Anfang Oktober (z.B. 27.09.-28.09.2025 tba),ca. 15000,Typischer Zeitraum; 2025 Termin tba
Hessen,"Frankenberg (Eder)",Maistadtfest,35066,Anfang Mai (z.B. 03.05.-04.05.2025 tba),ca. 15000,Typischer Zeitraum; 2025 Termin tba
Hessen,Frankfurt-Kalbach,Talstraßenfest Kalbach,60437,Anfang Juli (z.B. 05.07.2025 tba),ca. 3000-5000,Typischer Zeitraum; 2025 Termin tba
Hessen,Friedrichsdorf,Tag des Telefons,61381,Sehr unregelmäßig; keine jährliche Veranstaltung,Besucher nicht bestimmbar für jährliches Event,Eher Gedenk-/Jubiläumsveranstaltung zu Ehren Philipp Reis'
Hessen,Fritzlar,Kaiserfest,34560,08.08.2025 - 10.08.2025 (voraussichtlich),ca. 20000-30000,Typischer Zeitraum 2. Aug-WE; 2025 Termin tba
Hessen,Gernsheim,Innenstadtfest,64579,Ende Mai (z.B. 23.05.-25.05.2025 tba),ca. 8000-10000,Typischer Zeitraum; 2025 Termin tba
Hessen,Gießen,Stadtfest Gießen,35390,15.08.2025 - 17.08.2025 (voraussichtlich),ca. 150000,Typischer Zeitraum 3. Aug-WE; 2025 Termin tba
Hessen,"Grünberg (Hessen)","Himmelfahrtsmarkt / Altstadtfest",35305,"Himmelfahrtsmarkt: 29.05.2025; Altstadtfest oft im Sommer","Himmelfahrtsmarkt: ca. 10000; Altstadtfest: ca. 5000",Zwei verschiedene Veranstaltungen
Hessen,Gudensberg,Altstadtfest,34281,Ende August (z.B. 23.08.-24.08.2025 tba),ca. 5000,Typischer Zeitraum; 2025 Termin tba
Hessen,"Höchst i.Odw.",Apfelblütenfest,64739,Ende April/Anfang Mai (z.B. 26.04.-27.04.2025 tba),ca. 10000-15000,Typischer Zeitraum; 2025 Termin tba
Hessen,Hadamar,Stadtfest,65589,Findet nicht jedes Jahr statt (zuletzt 2023),"ca. 5000 (bei Austragung)",2025 Termin unklar
Hessen,Hanau,Bürgerfest am Mainufer,63450,05.09.2025 - 07.09.2025 (voraussichtlich),ca. 100000,Typischer Zeitraum 1. Sep-WE; 2025 Termin tba
Hessen,"Homberg (Efze)",Altstadtfest,34576,Mitte September (z.B. 12.09.-14.09.2025 tba),ca. 5000-8000,Typischer Zeitraum; 2025 Termin tba
Hessen,Kassel,Altstadtfest Kassel,34117,27.06.2025 - 29.06.2025,ca. 80000-100000,Bestätigt für 2025
Hessen,Kelsterbach,Altstadtfest,65451,Anfang September (z.B. 05.09.-07.09.2025 tba),ca. 10000,Typischer Zeitraum; 2025 Termin tba
Hessen,Korbach,"Altstadt-Kulturfest",34497,03.07.2025 - 06.07.2025,ca. 30000-40000,Bestätigt für 2025
Hessen,"Lauterbach (Hessen)","Prämienmarkt mit Sockenfest (Stadtfest)",36341,Anfang September (Sockenfest meist So, Prämienmarkt länger),"ca. 10000 (Sockenfest)",Sockenfest ist Teil des Prämienmarktes
Hessen,Lich,Historischer Markt,35423,24.05.2025 - 25.05.2025,ca. 15000-20000,Bestätigt für 2025
Hessen,"Limburg a. d. Lahn",Altstadtfest,65549,27.06.2025 - 29.06.2025 (voraussichtlich),ca. 80000-100000,Typischer Zeitraum letztes Juni-WE; 2025 Termin tba
Hessen,Lorsch,"Lorscher Kerb mit Tabakfest",64653,19.09.2025 - 22.09.2025 (voraussichtlich),ca. 20000,Typischer Zeitraum 3. Sep-WE; 2025 Termin tba
Hessen,Marburg,"Stadtfest ""3 Tage Marburg"" (3TM)",35037,11.07.2025 - 13.07.2025,ca. 150000-200000,Bestätigt für 2025
Hessen,Seligenstadt,"Sommer in der Stadt (Altstadtfest-Charakter)",63500,Ende Juni (z.B. 27.06.-29.06.2025 tba),ca. 20000,Typischer Zeitraum; 2025 Termin tba
Hessen,Trebur,"Spass uff de Gass",65468,Anfang Juni (z.B. 31.05.-01.06.2025 tba),ca. 8000-12000,Typischer Zeitraum; 2025 Termin tba
Hessen,Usingen,Stadtfest,61250,Anfang September (z.B. 06.09.2025 tba),ca. 5000,Typischer Zeitraum; 2025 Termin tba
Hessen,Wiesbaden,Stadtfest Wiesbaden,65183,26.09.2025 - 28.09.2025 (voraussichtlich),ca. 200000-250000,Typischer Zeitraum Ende Sep.; 2025 Termin tba
Niedersachsen,"Alfeld (Leine)",Stadtfest,31061,"Alle 2 Jahre (zuletzt 2023, daher vsl. 2025, z.B. 05.09.-07.09.2025)",ca. 15000-20000,Nächstes regulär 2025 erwartet
Niedersachsen,Aurich,Stadtfest Aurich,26603,15.08.2025 - 17.08.2025,ca. 100000,Bestätigt für 2025
Niedersachsen,Bad Bevensen,Stadtfest,29549,25.07.2025 - 27.07.2025,ca. 10000-15000,Bestätigt für 2025
Niedersachsen,Bad Gandersheim,Altstadtfest,37581,05.09.2025 - 07.09.2025 (voraussichtlich),ca. 10000,Typischer Zeitraum Anf. Sep.; 2025 Termin tba
Niedersachsen,Bad Salzdetfurth,Altstadtfest,31162,13.06.2025 - 15.06.2025,ca. 8000-12000,Bestätigt für 2025
Niedersachsen,Barsinghausen,Stadtfest,30890,29.08.2025 - 31.08.2025 (voraussichtlich),ca. 80000-100000,Typischer Zeitraum letztes Aug-WE; 2025 Termin tba
Niedersachsen,Bodenwerder,"Münchhausen-Geburtstag / Lichterfest",37619,"Münchhausen-Musical im Mai; Lichterfest im Sommer (10.08.2024)","ca. 3000-5000 (je Event)",Mehrere Events; Lichterfest oft mit Stadtfestcharakter
Niedersachsen,Brake,"Stadtfest ""Brake feiert""",26919,Anfang September (z.B. 05.09.-07.09.2025 tba),ca. 20000-30000,Typischer Zeitraum; 2025 Termin tba
Niedersachsen,Bramsche,"Stadt- und Spargelfest",49565,23.05.2025 - 25.05.2025,ca. 20000,Bestätigt für 2025
Niedersachsen,Braunschweig,Magnifest,38100,05.09.2025 - 07.09.2025 (voraussichtlich),ca. 150000-200000,Typischer Zeitraum 1. Sep-WE; 2025 Termin tba
Niedersachsen,Bremervörde,Vörder Stadtfest,27432,Mitte Juni (z.B. 13.06.-15.06.2025 tba),ca. 15000,Typischer Zeitraum; 2025 Termin tba
Niedersachsen,Buxtehude,Altstadtfest,21614,13.06.2025 - 15.06.2025,ca. 100000-150000,Bestätigt für 2025
Niedersachsen,Celle,Stadtfest Celle,29221,Alle 2 Jahre (zuletzt 2024, daher vsl. 2026),"ca. 100000 (bei Austragung)",Nächstes regulär 2026 erwartet
Niedersachsen,Delmenhorst,Graf Gerds Stadtgetümmel,27749,Anfang Juni (z.B. 31.05.-01.06.2025 tba),ca. 20000,Typischer Zeitraum; 2025 Termin tba
Niedersachsen,Delmenhorst,Stadtfest Delmenhorst,27749,Mitte Mai (z.B. 16.05.-18.05.2025 tba),ca. 80000-100000,Typischer Zeitraum; 2025 Termin tba
Niedersachsen,"Dissen am Teutoburger Wald","Stadtfest Dissen skurril",49201,"29.05.2025 - 01.06.2025 (Himmelfahrt)",ca. 30000-40000,Traditionell an Himmelfahrt
Niedersachsen,Einbeck,Eulenfest,37574,10.10.2025 - 12.10.2025 (voraussichtlich),ca. 100000,Typischer Zeitraum 2. Okt-WE; 2025 Termin tba
Niedersachsen,Emden,"Delft- und Hafenfest",26721,18.07.2025 - 20.07.2025,ca. 100000-150000,Bestätigt für 2025
Niedersachsen,Emsbüren,Herzogs Midsummer,48488,Mitte Juni (z.B. 14.06.2025 tba),ca. 5000,Typischer Zeitraum; 2025 Termin tba
Niedersachsen,Fürstenau,Stadtfest Fürstenauer Frühlingsmeile,49584,Ende April/Anfang Mai (z.B. 26.04.-27.04.2025 tba),ca. 10000,Typischer Zeitraum; 2025 Termin tba
Niedersachsen,Friesoythe,Eisenfest,26169,"Anfang September (z.B. 31.08.2025 tba, da 1.So. oft)",ca. 15000,Typischer Zeitraum; 2025 Termin tba
Niedersachsen,Ganderkesee,GanterTach!,27777,04.05.2025 (1. Sonntag im Mai),ca. 10000-15000,Traditionell 1. Sonntag im Mai
Niedersachsen,Gifhorn,Altstadtfest,38518,15.08.2025 - 17.08.2025 (voraussichtlich),ca. 100000,Typischer Zeitraum 3. Aug-WE; 2025 Termin tba
Niedersachsen,Goslar,Altstadtfest,38640,12.09.2025 - 14.09.2025 (voraussichtlich),ca. 50000-70000,Typischer Zeitraum Mitte Sep.; 2025 Termin tba
Niedersachsen,Hameln,Pflasterfest,31785,29.08.2025 - 31.08.2025,ca. 100000-150000,Bestätigt für 2025
Niedersachsen,Harsefeld,"Frühjahrsmarkt (Jahrmarkt)",21698,Ende April (z.B. 25.04.-27.04.2025 tba),ca. 20000,Eher Jahrmarkt als klassisches Stadtfest
Niedersachsen,Helmstedt,Altstadtfest,38350,Mitte August (z.B. 08.08.-10.08.2025 tba),ca. 30000,Typischer Zeitraum; 2025 Termin tba
Niedersachsen,Holzminden,"Internationales Straßentheater-Festival",37603,"Alle 2 Jahre; 06.06.2025 - 08.06.2025 (Pfingsten 2025)",ca. 30000-40000,Nächstes 2025 zu Pfingsten
Niedersachsen,Jever,Altstadtfest,26441,08.08.2025 - 10.08.2025 (voraussichtlich),ca. 50000,Typischer Zeitraum 2. Aug-WE; 2025 Termin tba
Niedersachsen,"Königslutter am Elm",Ducksteinfest,38154,04.07.2025 - 06.07.2025,ca. 20000-30000,Bestätigt für 2025
Niedersachsen,Lüneburg,Stadtfest Lüneburg,21335,20.06.2025 - 22.06.2025,ca. 150000-200000,Bestätigt für 2025
Niedersachsen,"Lingen (Ems)",Altstadtfest,49808,19.09.2025 - 21.09.2025 (voraussichtlich),ca. 80000,Typischer Zeitraum Mitte Sep.; 2025 Termin tba
Niedersachsen,Melle,"Stadtfest Fabelhaftes Melle",49324,Mitte Mai (z.B. 09.05.-11.05.2025 tba),ca. 30000,Typischer Zeitraum; 2025 Termin tba
Niedersachsen,Meppen,Wallfest,49716,Ende August (z.B. 23.08.2025 tba),ca. 10000,Typischer Zeitraum; 2025 Termin tba
Niedersachsen,"Nienburg/Weser","Altstadtfest (Festival)",31582,26.09.2025 - 28.09.2025 (voraussichtlich),ca. 100000,Typischer Zeitraum letztes Sep-WE; 2025 Termin tba
Niedersachsen,Norden,Sommerfest Norden,26506,Anfang Juli (z.B. 04.07.-06.07.2025 tba),ca. 20000,Typischer Zeitraum; 2025 Termin tba
Niedersachsen,Nordhorn,Holschenmarkt,48529,26.04.2025 (Letzter Sa im April),ca. 30000-40000,Traditionell letzter Samstag im April
Niedersachsen,Oldenburg,Stadtfest Oldenburg,26122,29.08.2025 - 31.08.2025 (voraussichtlich),ca. 350000-400000,Typischer Zeitraum Ende Aug/Anf. Sep.; 2025 Termin tba
Niedersachsen,Osterholz-Scharmbeck,Stadtfest,27711,Mitte Mai (z.B. 09.05.-11.05.2025 tba),ca. 20000,Typischer Zeitraum; 2025 Termin tba
Niedersachsen,Otterndorf,Altstadtfest,21762,25.07.2025 - 27.07.2025,ca. 20000-30000,Bestätigt für 2025
Niedersachsen,Papenburg,Stadtfest Papenburg,26871,30.08.2025 - 01.09.2025 (voraussichtlich),ca. 30000,Typischer Zeitraum 1. Sep-WE; 2025 Termin tba
Niedersachsen,Peine,Kulturmeile Peine,31224,Anfang September (z.B. 06.09.-07.09.2025 tba),ca. 10000,Eher Kulturveranstaltung mit Festcharakter
Niedersachsen,Rinteln,Altstadtfest Rinteln,31737,08.08.2025 - 10.08.2025,ca. 30000-40000,Bestätigt für 2025
Niedersachsen,"Salzgitter OT Bad",Altstadtfest Salzgitter-Bad,38259,Mitte Juni (z.B. 13.06.-15.06.2025 tba),ca. 25000,Typischer Zeitraum; 2025 Termin tba
Niedersachsen,"Salzgitter OT Lebenstedt",Cityfest Salzgitter-Lebenstedt,38226,Ende Mai/Anfang Juni (z.B. 30.05.-01.06.2025 tba),ca. 50000,Typischer Zeitraum; 2025 Termin tba
Niedersachsen,Seesen,"Sehusafest (Historisches Fest)",38723,30.08.2025 - 01.09.2025 (voraussichtlich),ca. 20000-30000,Typischer Zeitraum 1. Sep-WE; 2025 Termin tba
Niedersachsen,Seesen,Stadtfest Seesen,38723,Oft andere Termine oder kleinere Feste (Frühlingserwachen etc.),ca. 5000-10000,Sehusafest ist das Hauptfest
Niedersachsen,Soltau,Stadtfest Soltau,29614,29.05.2026 - 31.05.2026,ca. 20000,Findet nur alle paar Jahre statt (nächstes 2026)
Niedersachsen,"Springe (Eldagsen)","Honigkuchen-Senf-Fest",31832,25.05.2025,ca. 5000-8000,Bestätigt für 2025
Niedersachsen,Stade,"Altstadtfest Stade (Holk-Fest)",21682,20.06.2025 - 22.06.2025,ca. 80000-100000,Bestätigt für 2025
Niedersachsen,"Stade (Ottenbeck)",Ottenbecker Stadtteilfest,21684,Anfang/Mitte Juni (z.B. 07.06.2025 tba),ca. 3000-5000,Typischer Zeitraum; 2025 Termin tba
Niedersachsen,Uchte,Uchter Maifest,31600,23.05.2025 - 25.05.2025,ca. 5000,Bestätigt für 2025
Niedersachsen,Wardenburg,Cityfest Wardenburg,26203,Mitte September (z.B. 12.09.-14.09.2025 tba),ca. 10000,Typischer Zeitraum; 2025 Termin tba
Niedersachsen,"Weener (Ems)",Stadtfest Weener,26826,Anfang September (z.B. 05.09.-07.09.2025 tba),ca. 8000-10000,Typischer Zeitraum; 2025 Termin tba
Niedersachsen,Wiesmoor,Stadtfest Wiesmoor,26639,Mitte Juni (z.B. 13.06.-15.06.2025 tba),ca. 10000,Typischer Zeitraum; 2025 Termin tba
Niedersachsen,Wilhelmshaven,Wochenende an der Jade,26382,03.07.2025 - 06.07.2025,ca. 300000-400000,Bestätigt für 2025
Niedersachsen,"Winsen (Luhe)",Stadtfest Winsen,21423,"28.05.2025 - 01.06.2025 (Himmelfahrt)",ca. 100000,"Bestätigt für 2025 (um Himmelfahrt)"
Niedersachsen,Wittmund,Bürgermarkt Wittmund,26409,18.07.2025 - 20.07.2025,ca. 20000,Bestätigt für 2025
Niedersachsen,Zeven,"Stadtfest ""Stadtzauber Zeven""",27404,Anfang Mai (z.B. 02.05.-04.05.2025 tba),ca. 15000-20000,Typischer Zeitraum; 2025 Termin tba
Rheinland-Pfalz,"Altenkirchen (Westerwald)",Stadtfest,57610,Mitte September (z.B. 12.09.-14.09.2025 tba),ca. 10000-15000,Typischer Zeitraum; 2025 Termin tba
Rheinland-Pfalz,Andernach,Bäckerjungenfest,56626,15.08.2025 - 17.08.2025 (voraussichtlich),ca. 15000-20000,Typischer Zeitraum Mitte Aug.; 2025 Termin tba
Rheinland-Pfalz,Andernach,Fest der 1000 Lichter,56626,02.08.2025 (1. Sa im August),ca. 20000,Traditionell 1. Samstag im August
Rheinland-Pfalz,Bad Neuenahr-Ahrweiler,Altstadtfest Ahrweiler,53474,Anfang September (z.B. 05.09.-07.09.2025 tba),ca. 20000,Typischer Zeitraum; 2025 Termin tba
Rheinland-Pfalz,Baumholder,Altstadtfest,55774,Ende August (z.B. 22.08.-24.08.2025 tba),ca. 5000-8000,Typischer Zeitraum; 2025 Termin tba
Rheinland-Pfalz,"Birkenfeld (Nahe)",Stadtfest,55765,Anfang Juli (z.B. 04.07.-06.07.2025 tba),ca. 8000-10000,Typischer Zeitraum; 2025 Termin tba
Rheinland-Pfalz,Bobenheim-Roxheim,Bürgerfest,67240,"Alle 2 Jahre (zuletzt 2023, vsl. 2025, oft Juli)",ca. 5000,Nächstes regulär 2025 erwartet
Rheinland-Pfalz,Boppard,Bopparder Mai,56154,Anfang Mai (z.B. 01.05.-04.05.2025 tba),ca. 10000,Genannter Termin 01.06. evtl. fehlerhaft, traditionell um 1. Mai
Rheinland-Pfalz,"Diez an der Lahn",Altstadtfest,65582,05.07.2025 - 06.07.2025,ca. 8000-12000,Bestätigt für 2025
Rheinland-Pfalz,Freinsheim,Altstadtfest,67251,06.06.2025 - 08.06.2025,ca. 15000,Bestätigt für 2025
Rheinland-Pfalz,Kaiserslautern,Altstadtfest Kaiserslautern,67655,04.07.2025 - 06.07.2025,ca. 100000-150000,Bestätigt für 2025
Rheinland-Pfalz,Kaiserslautern,"Barbarossa-Fest ""Swinging Lautern""",67655,Mitte Mai (z.B. 16.05.-18.05.2025 tba),ca. 50000,Typischer Zeitraum; 2025 Termin tba
Rheinland-Pfalz,"Kandel (Pfalz)",Stadtfest,76870,Mitte Juli (z.B. 11.07.-13.07.2025 tba),ca. 10000,Typischer Zeitraum; 2025 Termin tba
Rheinland-Pfalz,Koblenz,"Altstadtfest Koblenz (""Koblenzer Sommerfest"")",56068,"08.08.2025 - 10.08.2025 (mit Rhein in Flammen)",ca. 150000-200000,"""Altstadtfest"" ist oft Teil des Sommerfestes mit Rhein in Flammen (2. Aug-WE)"
Rheinland-Pfalz,Koblenz,SchängelMarkt,56068,12.09.2025 - 14.09.2025 (voraussichtlich),ca. 100000,Typischer Zeitraum 2. Sep-WE; 2025 Termin tba
Rheinland-Pfalz,Koblenz,Rhein in Flammen mit Sommerfest,56068,08.08.2025 - 10.08.2025,ca. 150000-200000,Haupt-Sommerfest der Stadt
Rheinland-Pfalz,"Landau in der Pfalz","Landauer Sommer (Stadtfest)",76829,11.07.2025 - 14.07.2025,ca. 50000-70000,Bestätigt für 2025
Rheinland-Pfalz,Ludwigshafen,Rheinuferfest,67061,27.06.2025 - 29.06.2025,ca. 100000-150000,Bestätigt für 2025
Rheinland-Pfalz,Neuwied,Deichstadtfest,56564,10.07.2025 - 13.07.2025,ca. 80000-100000,Bestätigt für 2025
Rheinland-Pfalz,Otterberg,Stadtfest,67697,"Alle 2 Jahre (zuletzt 2023, vsl. 2025, oft Ende Juni/Anf. Juli)",ca. 5000,Nächstes regulär 2025 erwartet
Rheinland-Pfalz,Pirmasens,Exefest,66953,Anfang September (z.B. 05.09.-07.09.2025 tba),ca. 20000,Typischer Zeitraum; 2025 Termin tba
Rheinland-Pfalz,Pirmasens,Schlabbeflicker Festival,66953,Anfang August (z.B. 01.08.-03.08.2025 tba),ca. 15000,Typischer Zeitraum; 2025 Termin tba
Rheinland-Pfalz,Schifferstadt,Rettichfest,67105,13.06.2025 - 16.06.2025,ca. 30000-40000,Bestätigt für 2025
Rheinland-Pfalz,Sinzig,"Stadtfest ""Sprudelndes Sinzig""",53489,Anfang Mai (z.B. 02.05.-04.05.2025 tba),ca. 10000,Typischer Zeitraum; 2025 Termin tba
Rheinland-Pfalz,Speyer,Altstadtfest Speyer,67346,12.09.2025 - 14.09.2025 (voraussichtlich),ca. 80000-100000,Typischer Zeitraum 2. Sep-WE; 2025 Termin tba
Rheinland-Pfalz,Speyer,Rheinuferfest Speyer,67346,Mitte Juli (z.B. 11.07.-14.07.2025 tba),ca. 30000,Typischer Zeitraum; 2025 Termin tba
Rheinland-Pfalz,Stromberg,Historisches Stadtfest,55442,Findet nur alle paar Jahre statt (zuletzt 2022),"ca. 10000 (bei Austragung)",Nächster Termin nach 2022 noch unklar
Rheinland-Pfalz,Zweibrücken,Stadtfest Zweibrücken,66482,25.07.2025 - 27.07.2025,ca. 50000-70000,Bestätigt für 2025
Sachsen,"Adorf/Vogtl.","Vereinsfest (Stadtfestcharakter)",08626,Ende Juni (z.B. 27.06.-29.06.2025 tba),ca. 2000-3000,Typischer Zeitraum; 2025 Termin tba
Sachsen,Bad Schandau,Stadtfest,01814,Ende Juni (z.B. 20.06.-22.06.2025 tba),ca. 5000,Typischer Zeitraum; 2025 Termin tba
Sachsen,Bautzen,Altstadtfestival Bautzen,02625,29.08.2025 - 31.08.2025,ca. 30000,Bestätigt für 2025
Sachsen,Bautzen,Bautzener Frühling,02625,30.05.2025 - 01.06.2025,ca. 40000-50000,Bestätigt für 2025
Sachsen,Bischofswerda,Schiebocker Tage,01877,13.06.2025 - 15.06.2025,ca. 20000,Bestätigt für 2025
Sachsen,Burgstädt,Stadtfest,09217,Anfang September (z.B. 05.09.-07.09.2025 tba),ca. 10000,Typischer Zeitraum; 2025 Termin tba
Sachsen,Chemnitz,Stadtfest Chemnitz,09111,22.08.2025 - 24.08.2025 (voraussichtlich),ca. 200000-250000,Typischer Zeitraum letztes Aug-WE; 2025 Termin tba
Sachsen,Crimmitschau,Großes Marktfest,08451,Mitte September (z.B. 12.09.-14.09.2025 tba),ca. 10000,Typischer Zeitraum; 2025 Termin tba
Sachsen,Döbeln,"Heimatfest (Stadtfest)",04720,Anfang Juni (z.B. 30.05.-01.06.2025 tba),ca. 15000,Typischer Zeitraum; 2025 Termin tba
Sachsen,Delitzsch,"Peter & Paul-Fest (Historischer Markt mit Stadtfestcharakter)",04509,27.06.2025 - 29.06.2025,ca. 30000-40000,Bestätigt für 2025
Sachsen,Dippoldiswalde,Stadtfest,01744,Mitte Mai (z.B. 09.05.-11.05.2025 tba),ca. 8000-10000,Typischer Zeitraum; 2025 Termin tba
Sachsen,Dresden,"Bunte Republik Neustadt (BRN)",01099,13.06.2025 - 15.06.2025 (voraussichtlich),ca. 150000,Typischer Zeitraum Mitte Juni; 2025 Termin tba
Sachsen,Dresden,"CANALETTO - Das Dresdner Stadtfest",01067,15.08.2025 - 17.08.2025 (voraussichtlich),ca. 500000,Typischer Zeitraum Mitte Aug.; 2025 Termin tba
Sachsen,Dresden,NEUstadtfest Dresden,01099,Oft synonym mit BRN oder kleinere Stadtteilfeste,Siehe BRN oder kleiner,BRN ist das dominante Fest in der Neustadt
Sachsen,Eilenburg,Stadtfest Eilenburg,04838,13.06.2025 - 15.06.2025,ca. 20000-30000,Bestätigt für 2025
Sachsen,"Freiberg (Sachsen)",Bergstadtfest Freiberg,09599,26.06.2025 - 29.06.2025,ca. 150000-200000,Bestätigt für 2025
Sachsen,Freital,Windbergfest,01705,12.09.2025 - 14.09.2025 (voraussichtlich),ca. 20000,Typischer Zeitraum 2. Sep-WE; 2025 Termin tba
Sachsen,Görlitz,"Altstadtfest Görlitz (mit Jakuby-Fest Zgorzelec)",02826,22.08.2025 - 24.08.2025 (voraussichtlich),"ca. 100000 (grenzübergreifend)",Typischer Zeitraum letztes Aug-WE; 2025 Termin tba
Sachsen,Glauchau,"Genussmarkt (mit stadtfestähnlichen Elementen)",08371,Anfang Mai (z.B. 04.05.2025 tba),ca. 3000-5000,Eher Markt als klassisches Stadtfest
Sachsen,Grimma,Stadtfest Grimma,04668,Mitte Mai (z.B. 16.05.-18.05.2025 tba),ca. 20000,Typischer Zeitraum; 2025 Termin tba
Sachsen,Großenhain,Stadtfest Großenhain,01558,Anfang Juni (z.B. 06.06.-08.06.2025 tba),ca. 15000,Typischer Zeitraum; 2025 Termin tba
Sachsen,Hartha,Brunnenfest,04746,Anfang Juni (z.B. 06.06.-08.06.2025 tba),ca. 5000,Typischer Zeitraum; 2025 Termin tba
Sachsen,"Heidenau (Sachsen)",Stadtfest Heidenau,01809,23.05.2025 - 25.05.2025,ca. 10000-15000,Bestätigt für 2025
Sachsen,Hoyerswerda,Altstadtzauber Hoyerswerda,02977,Ende Mai (z.B. 24.05.2025 tba),ca. 5000,Typischer Zeitraum; 2025 Termin tba
Sachsen,Hoyerswerda,Stadtfest Hoyerswerda,02977,12.09.2025 - 14.09.2025 (voraussichtlich),ca. 20000-30000,Typischer Zeitraum 2. Sep-WE; 2025 Termin tba
Sachsen,Klingenthal,"Stadtfest Klingenthal (oft mit Harmonikatreffen)",08248,13.06.2025 - 15.06.2025,ca. 5000-8000,Bestätigt für 2025
Sachsen,Kurort Oberwiesenthal,Marktplatzfest,09484,Mitte August (z.B. 08.08.-10.08.2025 tba),ca. 3000-5000,Typischer Zeitraum; 2025 Termin tba
Sachsen,Löbau,Stadtfest Löbau,02708,Mitte September (z.B. 12.09.-14.09.2025 tba),ca. 15000,Typischer Zeitraum; 2025 Termin tba
Sachsen,Leipzig,Leipziger Stadtfest,04109,30.05.2025 - 01.06.2025 (voraussichtlich),ca. 300000,Typischer Zeitraum Ende Mai/Anf. Juni; 2025 Termin tba
Sachsen,Leisnig,Altstadtfest Leisnig,04703,Anfang September (z.B. 05.09.-07.09.2025 tba),ca. 5000,Typischer Zeitraum; 2025 Termin tba
Sachsen,"Lichtenstein/Sachsen",Rosenfest,09350,13.06.2025 - 15.06.2025,ca. 5000,Bestätigt für 2025
Sachsen,Limbach-Oberfrohna,Bürgerfest,09212,Ende August/Anfang September (z.B. 29.08.-31.08.2025 tba),ca. 10000-15000,Typischer Zeitraum; 2025 Termin tba
Sachsen,Mittweida,Altstadtfest Mittweida,09648,Mitte Juni (z.B. 13.06.-15.06.2025 tba),ca. 15000,Typischer Zeitraum; 2025 Termin tba
Sachsen,Pirna,Pirnaer Hofnacht,01796,02.08.2025,ca. 8000-10000,Bestätigt für 2025
Sachsen,Pirna,Stadtfest Pirna,01796,20.06.2025 - 22.06.2025,ca. 80000-100000,Bestätigt für 2025
Sachsen,"Reichenbach im Vogtland",Bürgerfest,08468,"02.10.2025 - 05.10.2025 (um Tag d. Dt. Einheit)",ca. 10000-15000,Bestätigt für 2025
Sachsen,Schkeuditz,Stadtfest Schkeuditz,04435,20.06.2025 - 22.06.2025,ca. 15000-20000,Bestätigt für 2025
Sachsen,Stolpen,Historisches Stadtfest,01833,Anfang Mai (z.B. 02.05.-04.05.2025 tba),ca. 5000-8000,Typischer Zeitraum; 2025 Termin tba
Sachsen,Taucha,Tauchscher Stadtfest,04425,22.08.2025 - 24.08.2025 (voraussichtlich),ca. 20000,Typischer Zeitraum letztes Aug-WE; 2025 Termin tba
Sachsen,Zwickau,Stadtfest Zwickau,08056,14.08.2025 - 17.08.2025 (voraussichtlich),ca. 100000-150000,Typischer Zeitraum Mitte Aug.; 2025 Termin tba
Sachsen-Anhalt,Bad Lauchstädt,Brunnenfest,06246,22.08.2025 - 24.08.2025 (voraussichtlich),ca. 10000-15000,Typischer Zeitraum letztes Aug-WE; 2025 Termin tba
Sachsen-Anhalt,Bernburg,Schlossbergfest,06406,14.06.2025 - 15.06.2025,ca. 5000,Bestätigt für 2025
Sachsen-Anhalt,Bernburg,"Stadt- und Rosenfest",06406,"29.05.2025 - 01.06.2025 (Himmelfahrt)",ca. 15000-20000,Bestätigt für 2025
Sachsen-Anhalt,Bitterfeld-Wolfen,Goitzsche Fest,06749,Mitte August (z.B. 08.08.-10.08.2025 tba),ca. 20000,Typischer Zeitraum; 2025 Termin tba
Sachsen-Anhalt,Braunsbedra,Stadtfest,06242,23.05.2025 - 25.05.2025,ca. 5000-8000,Bestätigt für 2025
Sachsen-Anhalt,"Burg bei Magdeburg",Rolandfest,39288,Anfang Juni (z.B. 30.05.-01.06.2025 tba),ca. 15000,Typischer Zeitraum; 2025 Termin tba
Sachsen-Anhalt,Gardelegen,Hansefest Gardelegen,39638,Mitte Juli (z.B. 11.07.-13.07.2025 tba),ca. 10000-15000,Typischer Zeitraum; 2025 Termin tba
Sachsen-Anhalt,Haldensleben,Altstadtfest Haldensleben,39340,29.08.2025 - 31.08.2025 (voraussichtlich),ca. 20000,Typischer Zeitraum letztes Aug-WE; 2025 Termin tba
Sachsen-Anhalt,Hettstedt,"Kupferfest (ehem. Kobermännchenfest)",06333,18.10.2025 - 19.10.2025,ca. 8000-10000,Eher Zwiebelmarkt/Herbstmarktcharakter
Sachsen-Anhalt,Lutherstadt Wittenberg,"Luthers Hochzeit (Stadtfest)",06886,13.06.2025 - 15.06.2025,ca. 100000,Bestätigt für 2025
Sachsen-Anhalt,Merseburg,Merseburger Schlossfest,06217,20.06.2025 - 22.06.2025,ca. 20000-30000,Bestätigt für 2025
Sachsen-Anhalt,"Oberharz am Brocken (Elbingerode)","Schützen- und Stadtfest Elbingerode",38875,Mitte Juli (z.B. 11.07.-13.07.2025 tba),ca. 5000,Typischer Zeitraum; 2025 Termin tba
Sachsen-Anhalt,Sangerhausen,"Kobermännchenfest (Altstadtfest)",06526,05.09.2025 - 07.09.2025 (voraussichtlich),ca. 15000-20000,Typischer Zeitraum 1. Sep-WE; 2025 Termin tba
Sachsen-Anhalt,"Schönebeck (Elbe)","Brunnenfest (Bierer Berg / Kurpark)",39218,Ende Mai/Anfang Juni (z.B. 30.05.-01.06.2025 tba),ca. 10000,Typischer Zeitraum; 2025 Termin tba
Sachsen-Anhalt,Stendal,Kinder- und Familienfest am Stadtsee,39576,20.09.2025,ca. 5000-8000,Bestätigt für 2025
Sachsen-Anhalt,Stendal,Rolandfest Stendal,39576,13.06.2025 - 15.06.2025,ca. 25000-30000,Bestätigt für 2025
Schleswig-Holstein,Ahrensburg,Stadtfest Ahrensburg,22926,06.06.2025 - 08.06.2025 (voraussichtlich),ca. 80000-100000,Typischer Zeitraum 1. Juni-WE; 2025 Termin tba
Schleswig-Holstein,Bad Oldesloe,Stadtfest Bad Oldesloe,23843,Ende Mai (z.B. 23.05.-25.05.2025 tba),ca. 30000,Typischer Zeitraum; 2025 Termin tba
Schleswig-Holstein,Bad Oldesloe,"Treidler- und Hafenfest",23843,Mitte Juli (z.B. 12.07.-13.07.2025 tba),ca. 5000-8000,Typischer Zeitraum; 2025 Termin tba
Schleswig-Holstein,Bargteheide,Stadtfest Bargteheide,22941,12.09.2025 - 14.09.2025 (voraussichtlich),ca. 20000,Typischer Zeitraum 2. Sep-WE; 2025 Termin tba
Schleswig-Holstein,Friedrichstadt,Friedrichstädter Festtage,25840,25.07.2025 - 27.07.2025,ca. 10000-15000,Bestätigt für 2025
Schleswig-Holstein,Heiligenhafen,Hafenfesttage Heiligenhafen,23774,18.07.2025 - 27.07.2025,"ca. 150000-200000 (über gesamten Zeitraum)",Bestätigt für 2025
Schleswig-Holstein,"Kappeln an der Schlei",Heringstage Kappeln,24376,"29.05.2025 - 01.06.2025 (Himmelfahrt)",ca. 100000,"Bestätigt für 2025 (Traditionell Himmelfahrt)"
Schleswig-Holstein,Lübeck,"Duckstein-Festival (Altstadtfest-Charakter)",23552,Ende Juli/Anfang August (z.B. 25.07.-03.08.2025 tba),ca. 150000-200000,HanseKulturFestival (alle 2 Jahre) ist ein weiteres großes Fest
Schleswig-Holstein,Mölln,Altstadtfest Mölln,23879,22.08.2025 - 24.08.2025 (voraussichtlich),ca. 30000-40000,Typischer Zeitraum letztes Aug-WE; 2025 Termin tba
Schleswig-Holstein,Marne,Stadtfest Marne,25709,Mitte Juni (z.B. 13.06.-15.06.2025 tba),ca. 8000-10000,Typischer Zeitraum; 2025 Termin tba
Schleswig-Holstein,Norderstedt,"Spektakulum Norderstedt (Stadtfest)",22850,29.08.2025 - 31.08.2025 (voraussichtlich),ca. 50000,Typischer Zeitraum 1. Sep-WE; 2025 Termin tba
Schleswig-Holstein,Quickborn,Eulenfest,25451,05.09.2025 - 07.09.2025 (voraussichtlich),ca. 30000-40000,Typischer Zeitraum 1. Sep-WE; 2025 Termin tba
Schleswig-Holstein,Reinbek,"Loddentalfest (Stadt- und Schützenfest)",21465,Mitte Juni (z.B. 06.06.-08.06.2025 tba),ca. 10000-15000,Typischer Zeitraum; 2025 Termin tba
Schleswig-Holstein,Rendsburg,"Rendsburger Herbst (Stadtfest)",24768,28.08.2025 - 31.08.2025 (voraussichtlich),ca. 200000-300000,Typischer Zeitraum letztes Aug-WE; 2025 Termin tba
Schleswig-Holstein,Schleswig,"Schleswig swingt (Stadtfest)",24837,Ende Juni/Anfang Juli (z.B. 27.06.-29.06.2025 tba),ca. 30000-40000,Typischer Zeitraum; 2025 Termin tba
Thüringen,Bad Salzungen,Stadtfest Bad Salzungen,36433,15.08.2025 - 17.08.2025 (voraussichtlich),ca. 15000-20000,Typischer Zeitraum 3. Aug-WE; 2025 Termin tba
Thüringen,"Eisenberg (Thüringen)",Eisenberger Mohrenfest,07607,23.05.2025 - 25.05.2025,ca. 10000,Bestätigt für 2025
Thüringen,Gotha,"Gotha glüht (Lichterfest)",99867,Anfang Dezember (z.B. 29.11.-01.12.2025 tba),ca. 5000-10000,Winterliches Lichterfest, kein klassisches Stadtfest
Thüringen,Gotha,Gothardusfest,99867,02.05.2025 - 04.05.2025 (voraussichtlich),ca. 50000,Typischer Zeitraum 1. Mai-WE; 2025 Termin tba
Thüringen,Greiz,Neustadtfest Greiz,07973,Anfang September (z.B. 05.09.-07.09.2025 tba),ca. 8000,Typischer Zeitraum; 2025 Termin tba
Thüringen,Greiz,"Park- und Schlossfest Greiz",07973,13.06.2025 - 15.06.2025,ca. 10000-15000,Bestätigt für 2025
Thüringen,Ilmenau,Altstadtfest Ilmenau,98693,06.06.2025 - 08.06.2025,ca. 15000-20000,Bestätigt für 2025
Thüringen,Jena,Altstadtfest Jena,07743,12.09.2025 - 21.09.2025,ca. 100000-150000,Bestätigt für 2025
Thüringen,"Mühlhausen/Thüringen","Mühlhäuser Pflaumenblüte (Stadtfest)",99974,06.06.2025 - 08.06.2025,ca. 20000,Bestätigt für 2025
Thüringen,Nordhausen,Altstadtfest Nordhausen,99734,Anfang Juni (z.B. 06.06.-08.06.2025 tba),ca. 15000,Typischer Zeitraum; 2025 Termin tba
Thüringen,Pößneck,Stadtfest Pößneck,07381,29.08.2025 - 31.08.2025 (voraussichtlich),ca. 10000,Typischer Zeitraum 1. Sep-WE; 2025 Termin tba
Thüringen,Ranis,"Stadt- und Burgfest auf Burg Ranis",07389,Mitte Juni (z.B. 14.06.-15.06.2025 tba),ca. 3000-5000,Typischer Zeitraum; 2025 Termin tba
Thüringen,Rudolstadt,Altstadtfest Rudolstadt,07407,23.05.2025 - 25.05.2025,ca. 20000,Bestätigt für 2025
Thüringen,Ruhla,"Naturpark- und Stadtfest",99842,Mitte Mai (z.B. 09.05.-11.05.2025 tba),ca. 5000,Typischer Zeitraum; 2025 Termin tba
Thüringen,Sömmerda,Stadtfest Sömmerda,99610,Anfang Juni (z.B. 06.06.-08.06.2025 tba),ca. 10000,Typischer Zeitraum; 2025 Termin tba
Thüringen,Schmalkalden,"Hirschessen (Historisches Stadtfest)",98574,22.08.2025 - 24.08.2025 (voraussichtlich),ca. 15000-20000,Typischer Zeitraum letztes Aug-WE; 2025 Termin tba
Thüringen,Sonneberg,"Stadt- und Museumsfest",96515,Mitte September (z.B. 12.09.-14.09.2025 tba),ca. 10000,Typischer Zeitraum; 2025 Termin tba
Thüringen,Triptis,Stadtfest Triptis,07819,Mitte Juni (z.B. 13.06.-15.06.2025 tba),ca. 3000-5000,Typischer Zeitraum; 2025 Termin tba
Thüringen,Zella-Mehlis,"Ruppertusmarkt (Stadtfest)",98544,Anfang Oktober (z.B. 03.10.-05.10.2025 tba),ca. 8000-12000,Typischer Zeitraum; 2025 Termin tba
Saarland,Bexbach,Cityfest Bexbach,66450,Anfang September (z.B. 05.09.-07.09.2025 tba),ca. 10000-15000,Typischer Zeitraum; 2025 Termin tba
Saarland,Blieskastel,Altstadtfest Blieskastel,66440,04.07.2025 - 06.07.2025 (voraussichtlich),ca. 30000-40000,Typischer Zeitraum 1. Juli-WE; 2025 Termin tba
Saarland,"Neunkirchen (Saar)",Stadtfest Neunkirchen,66538,27.06.2025 - 29.06.2025,ca. 80000-100000,Bestätigt für 2025
Saarland,Ottweiler,Altstadtfest Ottweiler,66564,30.05.2025 - 01.06.2025,ca. 15000-20000,Bestätigt für 2025
Saarland,Saarbrücken,Altstadtfest Saarbrücken,66111,11.07.2025 - 13.07.2025,ca. 200000-300000,Bestätigt für 2025
Saarland,Saarbrücken,Nauwieserfest,66111,25.07.2025 - 27.07.2025,ca. 50000-80000,Bestätigt für 2025
Saarland,Saarlouis,"Saarlouiser Emmes (Altstadtfest)",66740,"29.05.2025 - 01.06.2025 (Fronleichnam)",ca. 200000-300000,"Größtes Volksfest im Saarland, traditionell um Fronleichnam"
Saarland,"Sankt Ingbert",Ingobertusfest,66386,04.07.2025 - 07.07.2025,ca. 80000-100000,Bestätigt für 2025
Saarland,"St. Wendel",Stadtfest St. Wendel,66606,13.06.2025 - 15.06.2025,ca. 40000-50000,Bestätigt für 2025
Saarland,Wadern,"Waderner Maad (mit Stadtfestcharakter)",66687,13.06.2025 - 15.06.2025,ca. 10000-15000,Traditioneller Markt mit Festprogramm
Nordrhein-Westfalen,Übach-Palenberg,Übacher Maiblütenfest,52531,Anfang Mai (z.B. 02.05.-04.05.2025 tba),ca. 15000,Typischer Zeitraum; 2025 Termin tba
Nordrhein-Westfalen,Ahaus,Stadtfest Ahaus,48683,23.05.2025 - 25.05.2025,ca. 20000-30000,Bestätigt für 2025
Nordrhein-Westfalen,Ahlen,Stadtfest Ahlen,59227,04.07.2025 - 06.07.2025,ca. 40000-50000,Bestätigt für 2025
Nordrhein-Westfalen,Attendorn,Stadtfest Attendorn,57439,Mitte September (z.B. 13.09.-14.09.2025 tba),ca. 20000,Typischer Zeitraum; 2025 Termin tba
Nordrhein-Westfalen,Bünde,Bünder Frühlingsfest,32257,Ende April/Anfang Mai (z.B. 25.04.-27.04.2025 tba),ca. 25000,Typischer Zeitraum; 2025 Termin tba
Nordrhein-Westfalen,Büren,Stadtfest Büren,33142,"Alle 2 Jahre (zuletzt 2023, vsl. 2025, Mai/Juni tba)",ca. 8000-10000,Nächstes regulär 2025 erwartet
Nordrhein-Westfalen,Bad Lippspringe,Stadtfest mit Herbstkirmes,33175,Mitte Oktober (z.B. 10.10.-12.10.2025 tba),ca. 15000,Typischer Zeitraum; 2025 Termin tba
Nordrhein-Westfalen,Bad Oeynhausen,Innenstadtfete Bad Oeynhausen,32545,27.06.2025 - 29.06.2025,ca. 50000,Bestätigt für 2025
Nordrhein-Westfalen,Bad Sassendorf,Sälzermarkt,59505,12.07.2025 - 13.07.2025,ca. 10000,Bestätigt für 2025
Nordrhein-Westfalen,Balve,Stadtfest Balve,58802,Unregelmäßig, zuletzt 2022,"ca. 5000-8000 (bei Austragung)",2025 Termin unklar
Nordrhein-Westfalen,Barntrup,Stadtfest Barntrup,32683,Anfang September (z.B. 05.09.-07.09.2025 tba),ca. 5000,Typischer Zeitraum; 2025 Termin tba
Nordrhein-Westfalen,"Beckum (Neubeckum)",Stadtfest Neubeckum,59269,"29.05.2025 - 01.06.2025 (Himmelfahrt)",ca. 10000,Bestätigt für 2025
Nordrhein-Westfalen,Beckum,"Pütt-Tage Beckum (Stadtfest)",59269,30.08.2025 - 01.09.2025 (voraussichtlich),ca. 30000,Typischer Zeitraum 1. Sep-WE; 2025 Termin tba
Nordrhein-Westfalen,"Bergisch Gladbach (Bensberg)",Bensberger Schloßstadtfest,51429,14.06.2025 - 15.06.2025,ca. 20000,Bestätigt für 2025
Nordrhein-Westfalen,Bergisch Gladbach,"Stadt- und Kulturfest Bergisch Gladbach",51465,Anfang September (z.B. 05.09.-07.09.2025 tba),ca. 40000-50000,Typischer Zeitraum; 2025 Termin tba
Nordrhein-Westfalen,Bergkamen,"Sommer in Bergkamen (Stadtfest)",59192,Anfang Juni (z.B. 30.05.-01.06.2025 tba),ca. 30000,Typischer Zeitraum; 2025 Termin tba
Nordrhein-Westfalen,Bestwig,Bestwiger Gastgarten,59909,19.07.2025 - 20.07.2025,ca. 3000-5000,Bestätigt für 2025
Nordrhein-Westfalen,Bielefeld-Sennestadt,Sennestadtfest,33689,Ende August (z.B. 22.08.-24.08.2025 tba),ca. 20000,Typischer Zeitraum; 2025 Termin tba
Nordrhein-Westfalen,Bielefeld-Heepen,"Heeper Ting (Stadtteilfest)",33719,Ende Mai (z.B. 23.05.-25.05.2025 tba),ca. 15000,Typischer Zeitraum; 2025 Termin tba
Nordrhein-Westfalen,"Blomberg (Lippe)","Nelkenfest mit Bloemencorso",32825,"Alle 2 Jahre (zuletzt 2023, vsl. Juni 2025 tba)",ca. 10000,Nächstes regulär 2025 erwartet
Nordrhein-Westfalen,Bochum-Gerthe,Gerther Sommer,44805,05.07.2025 - 06.07.2025,ca. 8000-10000,Bestätigt für 2025
Nordrhein-Westfalen,Bochum-Langendreer,"Straßenfest ""Bänke raus!""",44892,15.06.2025,ca. 5000,Bestätigt für 2025
Nordrhein-Westfalen,Bonn-Beuel,Beueler Bürgerfest,53225,Ende August/Anfang September (z.B. 29.08.-31.08.2025 tba),ca. 20000,Typischer Zeitraum; 2025 Termin tba
Nordrhein-Westfalen,Borken,Stadtfest Borken,46325,Mitte Mai (z.B. 10.05.-11.05.2025 tba),ca. 25000,Typischer Zeitraum; 2025 Termin tba
Nordrhein-Westfalen,Bottrop,Stadtfest Bottrop,46236,13.06.2025 - 15.06.2025,ca. 80000-100000,Bestätigt für 2025
Nordrhein-Westfalen,Brakel,Stadtfest mit Frühlingskirmes,33034,"29.05.2025 - 01.06.2025 (Himmelfahrt)",ca. 15000,Bestätigt für 2025
Nordrhein-Westfalen,Brilon,Altstadtfest Brilon,59929,26.09.2025 - 28.09.2025 (voraussichtlich),ca. 20000,Typischer Zeitraum letztes Sep-WE; 2025 Termin tba
Nordrhein-Westfalen,"Castrop-Rauxel OT Ickern",Ickern Feste Feiern,44581,Anfang Juni (z.B. 31.05.-01.06.2025 tba),ca. 10000,Typischer Zeitraum; 2025 Termin tba
Nordrhein-Westfalen,Delbrück,"Stadt- und Spargelfest Delbrück",33129,Mitte Mai (z.B. 16.05.-18.05.2025 tba),ca. 15000,Typischer Zeitraum; 2025 Termin tba
Nordrhein-Westfalen,Detmold,Residenzfest Detmold,32756,Mitte Mai (z.B. 09.05.-11.05.2025 tba),ca. 20000,Typischer Zeitraum; 2025 Termin tba
Nordrhein-Westfalen,Dorsten,Altstadtfest Dorsten,46282,13.06.2025 - 15.06.2025,ca. 40000-50000,Bestätigt für 2025
Nordrhein-Westfalen,Drensteinfurt,Summer Feeling,48317,Mitte Juli (z.B. 12.07.-13.07.2025 tba),ca. 5000,Typischer Zeitraum; 2025 Termin tba
Nordrhein-Westfalen,Duisburg-Neumühl,Revierfest Neumühl,47138,Mitte August (z.B. 15.08.-17.08.2025 tba),ca. 10000,Typischer Zeitraum; 2025 Termin tba
Nordrhein-Westfalen,"Emmerich am Rhein",Stadtfest Emmerich,46446,Ende August (z.B. 29.08.-31.08.2025 tba),ca. 20000,Typischer Zeitraum; 2025 Termin tba
Nordrhein-Westfalen,Emsdetten,"Emsdettener September (Straßenfestival als Höhepunkt)",48282,"Straßenfestival Mitte Sep. (z.B. 12.09.-14.09.2025 tba)","ca. 30000-40000 (Straßenfestival)",Monatslanges Programm
Nordrhein-Westfalen,Eschweiler,Stadtfest Eschweiler,52249,12.09.2025 - 14.09.2025 (voraussichtlich),ca. 50000,Typischer Zeitraum 2. Sep-WE; 2025 Termin tba
Nordrhein-Westfalen,Essen-Borbeck,Borbecker Marktfest,45355,Ende Mai (z.B. 24.05.-25.05.2025 tba),ca. 20000,Typischer Zeitraum; 2025 Termin tba
Nordrhein-Westfalen,Essen-Altenessen,Stadtteilfest Altenessen,45326,Mitte Juni (z.B. 14.06.-15.06.2025 tba),ca. 10000-15000,Typischer Zeitraum; 2025 Termin tba
Nordrhein-Westfalen,"Essen (Heisingen)",Wottelfest Heisingen,45259,Anfang Juli (z.B. 04.07.-06.07.2025 tba),ca. 8000,Typischer Zeitraum; 2025 Termin tba
Nordrhein-Westfalen,Euskirchen,Knollenfest,53879,27.09.2025 - 28.09.2025,ca. 30000,Bestätigt für 2025
Nordrhein-Westfalen,Euskirchen,Stadtfest Euskirchen,53879,Mitte Mai (z.B. 09.05.-11.05.2025 tba),ca. 25000,Typischer Zeitraum; 2025 Termin tba
Nordrhein-Westfalen,Geldern,Straßenparty Geldern,47608,27.06.2025 - 29.06.2025,ca. 30000-40000,Bestätigt für 2025
Nordrhein-Westfalen,Gladbeck,Appeltatenfest,45964,07.09.2025 (1. Sonntag im September),ca. 50000,Traditionell 1. Sonntag im September
Nordrhein-Westfalen,Gladbeck,Gladbeck Karibisch,45964,10.07.2025 - 13.07.2025,ca. 15000,Bestätigt für 2025
Nordrhein-Westfalen,Gladbeck,Gladbecker Maifest (Stadtfest),45964,Anfang Mai (z.B. 02.05.-04.05.2025 tba),ca. 20000,Typischer Zeitraum; 2025 Termin tba
Nordrhein-Westfalen,Gladbeck,Umsonst & Draußen Festival,45964,Ende August (z.B. 23.08.2025 tba),ca. 8000-10000,Typischer Zeitraum; 2025 Termin tba
Nordrhein-Westfalen,Greven,"Greven an die Ems (Cityfest)",48268,Mitte September (z.B. 12.09.-14.09.2025 tba),ca. 20000,Typischer Zeitraum; 2025 Termin tba
Nordrhein-Westfalen,Greven,Maifest Greven,48268,Anfang Mai (z.B. 03.05.-04.05.2025 tba),ca. 10000,Typischer Zeitraum; 2025 Termin tba
Nordrhein-Westfalen,"Gronau (Westf.)",Stadtfestival Gronau,48599,Ende August (z.B. 22.08.-24.08.2025 tba),ca. 25000,Typischer Zeitraum; 2025 Termin tba
Nordrhein-Westfalen,Hückelhoven,"City-Fest ""Hückelhoven brummt""",41836,Mitte September (z.B. 13.09.-14.09.2025 tba),ca. 30000,Typischer Zeitraum; 2025 Termin tba
Nordrhein-Westfalen,"Hennef (Sieg)",Stadtfest Hennef,53773,19.09.2025 - 22.09.2025 (voraussichtlich),ca. 80000-100000,Typischer Zeitraum 3. Sep-WE; 2025 Termin tba
Nordrhein-Westfalen,Herford,Hoeker-Fest,32052,27.08.2025 - 31.08.2025 (voraussichtlich),ca. 100000,Typischer Zeitraum Ende Aug.; 2025 Termin tba
Nordrhein-Westfalen,Herne-Wanne,Wanner Mondnächte,44651,06.06.2025 - 08.06.2025,ca. 20000,Bestätigt für 2025
Nordrhein-Westfalen,Jülich,Stadtfest Jülich,52428,Mitte September (z.B. 12.09.-14.09.2025 tba),ca. 15000,Typischer Zeitraum; 2025 Termin tba
Nordrhein-Westfalen,Kaarst,"Kaarst Total (Stadtfest)",41564,29.08.2025 - 31.08.2025 (voraussichtlich),ca. 150000,Typischer Zeitraum 1. Sep-WE; 2025 Termin tba
Nordrhein-Westfalen,Kalkar,"Stadtfest ""Kalkar in Blüte""",47546,Anfang Mai (z.B. 03.05.-04.05.2025 tba),ca. 8000,Typischer Zeitraum; 2025 Termin tba
Nordrhein-Westfalen,Kempen,Altstadtfest mit Highland Games,47906,Mitte Juli (z.B. 11.07.-13.07.2025 tba),ca. 30000,Typischer Zeitraum; 2025 Termin tba
Nordrhein-Westfalen,Kerpen,Stadtfest Kerpen,50171,Anfang September (z.B. 05.09.-07.09.2025 tba),ca. 40000,Typischer Zeitraum; 2025 Termin tba
Nordrhein-Westfalen,"Kranenburg (Niederrhein)",Stüppkesmarkt,47559,13.06.2025 - 15.06.2025,ca. 5000,Bestätigt für 2025
Nordrhein-Westfalen,Lübbecke,Bierbrunnenfest,32312,08.08.2025 - 10.08.2025 (voraussichtlich),ca. 30000,Typischer Zeitraum Mitte Aug.; 2025 Termin tba
Nordrhein-Westfalen,Lüdenscheid,Stadtfest Lüdenscheid,58507,12.09.2025 - 14.09.2025 (voraussichtlich),ca. 40000,Typischer Zeitraum 2. Sep-WE; 2025 Termin tba
Nordrhein-Westfalen,Lünen,"Lünsche Mess (Stadtfest)",44532,Ende September (z.B. 26.09.-28.09.2025 tba),ca. 50000,Typischer Zeitraum; 2025 Termin tba
Nordrhein-Westfalen,"Langenfeld (Rheinland)",Stadtfest Langenfeld,40764,Anfang Oktober (z.B. 03.10.-05.10.2025 tba),ca. 30000,Typischer Zeitraum; 2025 Termin tba
Nordrhein-Westfalen,Leichlingen,Stadtfest Leichlingen,42799,Mitte September (z.B. 12.09.-14.09.2025 tba),ca. 20000,Typischer Zeitraum; 2025 Termin tba
Nordrhein-Westfalen,"Leverkusen OT Wiesdorf",Stadtfest Wiesdorf,51373,Mitte Juni (z.B. 13.06.-15.06.2025 tba),ca. 25000,Typischer Zeitraum; 2025 Termin tba
Nordrhein-Westfalen,Lippstadt,Altstadtfest Lippstadt,59555,"29.05.2025 - 01.06.2025 (Himmelfahrt)",ca. 80000-100000,Bestätigt für 2025
Nordrhein-Westfalen,Mönchengladbach,"Cityfest Mönchengladbach (Gladbach)",41061,Anfang Mai (z.B. 02.05.-04.05.2025 tba),ca. 50000,Typischer Zeitraum; 2025 Termin tba
Nordrhein-Westfalen,"Menden (Sauerland)","Mendener Herbst (Stadtfest)",58706,Mitte Oktober (z.B. 10.10.-12.10.2025 tba),ca. 30000,Typischer Zeitraum; 2025 Termin tba
Nordrhein-Westfalen,Moers,"Street Beach Festival ""Moers Karibisch""",47441,10.07.2025 - 13.07.2025,ca. 20000,Bestätigt für 2025
Nordrhein-Westfalen,"Monheim am Rhein",Septemberfest,40789,Anfang September (Datum 2025 tba),nicht gefunden,Genauer Termin und Details 2025 tba
Nordrhein-Westfalen,"Monheim am Rhein",Stadtfest Monheim,40789,13.06.2025 - 15.06.2025,ca. 30000-40000,Bestätigt für 2025
Nordrhein-Westfalen,Oer-Erkenschwick,"Stadtfest ""Sommerhit""",45739,Ende Juni (z.B. 27.06.-29.06.2025 tba),ca. 15000,Typischer Zeitraum; 2025 Termin tba
Nordrhein-Westfalen,Olpe,Stadtfest Olpe,57462,Mitte Mai (z.B. 17.05.-18.05.2025 tba),ca. 20000,Typischer Zeitraum; 2025 Termin tba
Nordrhein-Westfalen,"Porta Westfalica",Stadtfest Porta Westfalica,32457,Ende August/Anfang September (z.B. 29.08.-31.08.2025 tba),ca. 15000,Typischer Zeitraum; 2025 Termin tba
Nordrhein-Westfalen,"Preußisch Oldendorf",Stadtfest Preußisch Oldendorf,32361,Mitte Juni (z.B. 13.06.-15.06.2025 tba),ca. 8000,Typischer Zeitraum; 2025 Termin tba
Nordrhein-Westfalen,Pulheim,Stadtfest Pulheim,50259,05.07.2025 - 06.07.2025,ca. 25000,Bestätigt für 2025
Nordrhein-Westfalen,Rüthen,"Rüthener Eselmarkt (mit Stadtfestcharakter)",59602,Ende September (z.B. 28.09.2025 tba),ca. 5000,Typischer Zeitraum; 2025 Termin tba
Nordrhein-Westfalen,Radevormwald,Stadtfest Radevormwald,42477,Anfang Mai (z.B. 02.05.-04.05.2025 tba),ca. 20000,Typischer Zeitraum; 2025 Termin tba
Nordrhein-Westfalen,Ratingen,"Ratingen Festival (Stadtfest)",40878,Anfang September (z.B. 05.09.-07.09.2025 tba),ca. 30000,Typischer Zeitraum; 2025 Termin tba
Nordrhein-Westfalen,"Recklinghausen (Suderwich)",Süder Herbstfest,45661,Ende September (z.B. 27.09.-28.09.2025 tba),ca. 5000-8000,Stadtteilfest
Nordrhein-Westfalen,Rees,Stadtfest Rees,46459,25.05.2025,ca. 10000,"Bestätigt für 2025 (oft 1 Tag)"
Nordrhein-Westfalen,Remscheid-Hasten,Altstadtfest Hasten,42855,Ende August (z.B. 22.08.-24.08.2025 tba),ca. 10000,Typischer Zeitraum; 2025 Termin tba
Nordrhein-Westfalen,Remscheid-Lennep,Altstadtfest Lennep,42897,Ende August (z.B. 22.08.-24.08.2025 tba),ca. 20000,Typischer Zeitraum; 2025 Termin tba
Nordrhein-Westfalen,Remscheid,Remscheider essKULTour,42853,Mai/Juni (verschiedene Wochenenden möglich),ca. 15000,Kulinarisches Fest mit Eventcharakter
Nordrhein-Westfalen,"Rheda-Wiedenbrück (Rheda)",Altstadtfest Rheda,33378,Anfang Juni (z.B. 30.05.-01.06.2025 tba),ca. 15000,Typischer Zeitraum; 2025 Termin tba
Nordrhein-Westfalen,Rheinberg,Stadtfest Rheinberg,47495,Anfang Mai (z.B. 02.05.-04.05.2025 tba),ca. 20000,Typischer Zeitraum; 2025 Termin tba
Nordrhein-Westfalen,Rheine,Straßenparty Rheine,48431,Ende August (z.B. 22.08.-24.08.2025 tba),ca. 30000,Typischer Zeitraum; 2025 Termin tba
Nordrhein-Westfalen,Salzkotten,Hederauenfest,33154,22.08.2025 - 24.08.2025 (voraussichtlich),ca. 20000,Typischer Zeitraum letztes Aug-WE; 2025 Termin tba
Nordrhein-Westfalen,Selm,Stadtfest Selm,59379,"19.06.2025 - 22.06.2025 (Fronleichnam)",ca. 15000,Bestätigt für 2025
Nordrhein-Westfalen,"Senden (Westfalen)",Maifest Senden,48308,Anfang Mai (z.B. 03.05.-04.05.2025 tba),ca. 8000,Typischer Zeitraum; 2025 Termin tba
Nordrhein-Westfalen,"Senden (Westfalen)",Street Live Senden,48308,Mitte August (z.B. 16.08.-17.08.2025 tba),ca. 10000,Typischer Zeitraum; 2025 Termin tba
Nordrhein-Westfalen,Siegburg,Stadtfest Siegburg,53721,15.08.2025 - 17.08.2025 (voraussichtlich),ca. 100000,Typischer Zeitraum 3. Aug-WE; 2025 Termin tba
Nordrhein-Westfalen,Soest,Bördetag Soest,59494,Anfang Mai (z.B. 03.05.-04.05.2025 tba),ca. 40000,Typischer Zeitraum; 2025 Termin tba
Nordrhein-Westfalen,"Stolberg (Rheinland)",Kupferstädter Stadtparty,52222,Ende August (z.B. 22.08.-24.08.2025 tba),ca. 30000,Typischer Zeitraum; 2025 Termin tba
Nordrhein-Westfalen,Straelen,"Stadtfest ""Stroelse Sommer""",47638,04.07.2025 - 06.07.2025,ca. 15000,Bestätigt für 2025
Nordrhein-Westfalen,Telgte,Luisenfest,48291,Mitte Juni (z.B. 14.06.-15.06.2025 tba),ca. 10000,Typischer Zeitraum; 2025 Termin tba
Nordrhein-Westfalen,Unna,Stadtfest Unna,59423,05.09.2025 - 07.09.2025 (voraussichtlich),ca. 150000,Typischer Zeitraum 1. Sep-WE; 2025 Termin tba
Nordrhein-Westfalen,Versmold,"Stadtfest Versmold (Sünne Peider)",33775,Anfang Juni (z.B. 30.05.-01.06.2025 tba),ca. 15000,Typischer Zeitraum; 2025 Termin tba
Nordrhein-Westfalen,Viersen,"Stadtfest Viersen (oft Teil von ""Viersen blüht"")",41747,28.09.2025 (oft So),ca. 20000,"Datum ist ein Sonntag, oft im Rahmen von ""Viersen blüht"""
Nordrhein-Westfalen,Wülfrath,Kartoffelfest,42489,Mitte September (z.B. 13.09.-14.09.2025 tba),ca. 10000,Typischer Zeitraum; 2025 Termin tba
Nordrhein-Westfalen,Wachtendonk,"Brunnen- und Pumpenfest",47669,Anfang September (z.B. 06.09.-07.09.2025 tba),ca. 5000,Typischer Zeitraum; 2025 Termin tba
Nordrhein-Westfalen,Waldbröl,Stadtfest Waldbröl,51545,Mitte Mai (z.B. 09.05.-11.05.2025 tba),ca. 20000,Typischer Zeitraum; 2025 Termin tba
Nordrhein-Westfalen,Werl,Siederfest Werl,59457,20.06.2025 - 22.06.2025,ca. 25000,Bestätigt für 2025
Nordrhein-Westfalen,Werne,Straßenfestival Werne,59368,Ende Mai (z.B. 23.05.-25.05.2025 tba),ca. 30000,Typischer Zeitraum; 2025 Termin tba
Nordrhein-Westfalen,"Werther (Westf.)",Erdbeerfest Werther,33824,Mitte Juni (z.B. 13.06.-15.06.2025 tba),ca. 15000,Typischer Zeitraum; 2025 Termin tba
Nordrhein-Westfalen,Wesel,"PPP-Tage (Stadtfest)",46483,01.08.2025 - 03.08.2025 (voraussichtlich),ca. 200000,Typischer Zeitraum 1. Aug-WE; 2025 Termin tba
Nordrhein-Westfalen,"Wetter (Ruhr)",Seefest am Harkortsee,58300,Anfang Juli (z.B. 04.07.-06.07.2025 tba),ca. 15000,Typischer Zeitraum; 2025 Termin tba
Nordrhein-Westfalen,"Witten (Herbede)",Herbeder Festtage,58456,"Pfingsten (06.06.-08.06.2025)",ca. 10000,Traditionell zu Pfingsten
Nordrhein-Westfalen,"Wuppertal (Barmen)","Barmen Live (Stadtfest)",42275,"29.05.2025 - 01.06.2025 (Himmelfahrt)",ca. 80000,Bestätigt für 2025
Nordrhein-Westfalen,Xanten,Stadtfest Xanten,46509,Ende Mai/Anfang Juni (z.B. 30.05.-01.06.2025 tba),ca. 20000,Typischer Zeitraum; 2025 Termin tba
Mecklenburg-Vorpommern,Bützow,Gänsemarkttage,18246,Ende Oktober (z.B. 24.10.-26.10.2025 tba),ca. 5000,Typischer Zeitraum; 2025 Termin tba
Mecklenburg-Vorpommern,Güstrow,Stadtfest Güstrow,18273,13.06.2025 - 15.06.2025,ca. 15000-20000,Bestätigt für 2025
Mecklenburg-Vorpommern,Grevesmühlen,Stadtfest Grevesmühlen,23936,Mitte Juni (z.B. 13.06.-15.06.2025 tba),ca. 10000,Typischer Zeitraum; 2025 Termin tba
Mecklenburg-Vorpommern,Marlow,"Kinder- und Sommerfest",18337,Mitte Juli (z.B. 11.07.-13.07.2025 tba),ca. 5000,Typischer Zeitraum; 2025 Termin tba
Mecklenburg-Vorpommern,Neubrandenburg,Vier-Tore-Fest,17033,22.08.2025 - 24.08.2025 (voraussichtlich),ca. 50000,Typischer Zeitraum letztes Aug-WE; 2025 Termin tba
Mecklenburg-Vorpommern,Ostseebad Boltenhagen,Seebrückenfest Boltenhagen,23946,Anfang August (z.B. 01.08.-03.08.2025 tba),ca. 15000,Typischer Zeitraum; 2025 Termin tba
Mecklenburg-Vorpommern,Parchim,Stadtfest Parchim,19370,Ende Mai/Anfang Juni (z.B. 30.05.-01.06.2025 tba),ca. 10000,Typischer Zeitraum; 2025 Termin tba
Mecklenburg-Vorpommern,"Röbel (Müritz)","Seefest Röbel/Müritz",17207,18.07.2025 - 20.07.2025,ca. 15000,Bestätigt für 2025
Mecklenburg-Vorpommern,Ribnitz-Damgarten,Hafenfest Ribnitz-Damgarten,18311,Mitte Juli (z.B. 11.07.-13.07.2025 tba),ca. 20000,Typischer Zeitraum; 2025 Termin tba
Mecklenburg-Vorpommern,Schwerin,"Altstadtfest Schwerin (Schweriner Schlossfestspiele oft parallel)",19055,12.09.2025 - 14.09.2025 (voraussichtlich),ca. 80000-100000,Typischer Zeitraum 2. Sep-WE; 2025 Termin tba
Mecklenburg-Vorpommern,Ueckermünde,Hafftage Ueckermünde,17373,25.07.2025 - 27.07.2025,ca. 30000,Bestätigt für 2025
Mecklenburg-Vorpommern,"Wesenberg (Mecklenburg)",Strandfest Wesenberg,17255,Ende Juli (z.B. 25.07.-27.07.2025 tba),ca. 5000,Typischer Zeitraum; 2025 Termin tba
Mecklenburg-Vorpommern,Wismar,Schwedenfest Wismar,23966,14.08.2025 - 17.08.2025 (voraussichtlich),ca. 100000,Typischer Zeitraum Mitte Aug.; 2025 Termin tba
Baden-Württemberg,"Aach im Hegau",Historisches Altstadtfest,78267,"Alle 2 Jahre (zuletzt 2023, vsl. Juli 2025 tba)",ca. 5000,Nächstes regulär 2025 erwartet
Baden-Württemberg,Aalen,Reichsstädter Tage,73430,12.09.2025 - 14.09.2025 (voraussichtlich),ca. 150000-200000,Typischer Zeitraum 2. Sep-WE; 2025 Termin tba
Baden-Württemberg,Böblingen,"Stadtfest Böblingen (""Böblinger Jahrmarkt"" / ""Seenachtsfest"")",71032,"04.07.2025 - 06.07.2025 (Stadtfest/Jahrmarkt)","ca. 50000 (Stadtfest)",Seenachtsfest oft anderer Termin
Baden-Württemberg,Bühl,Stadtfest Bühl,77815,Alle 2 Jahre (zuletzt 2024, daher vsl. 2026),"ca. 30000 (bei Austragung)",Nächstes regulär 2026 erwartet
Baden-Württemberg,Bad Rappenau,Stadtfest Bad Rappenau,74906,Mitte Juli (z.B. 11.07.-13.07.2025 tba),ca. 15000,Typischer Zeitraum; 2025 Termin tba
Baden-Württemberg,Bad Saulgau,Bächtlefest,88348,17.07.2025 - 22.07.2025,ca. 40000-50000,"Bestätigt für 2025 (traditionelles Heimatfest)"
Baden-Württemberg,Bad Urach,Stadtfest Bad Urach,72574,Mitte Juli (z.B. 11.07.-13.07.2025 tba),ca. 10000,Typischer Zeitraum; 2025 Termin tba
Baden-Württemberg,Dornstetten,Stadtfest Dornstetten,72280,"Alle 2 Jahre (zuletzt 2023, vsl. Juli 2025 tba)",ca. 8000,Nächstes regulär 2025 erwartet
Baden-Württemberg,Eberbach,Eberbacher Frühling,69412,30.05.2025 - 01.06.2025,ca. 10000,Bestätigt für 2025
Baden-Württemberg,"Ebersbach an der Fils",Stadtfest Ebersbach,73061,12.07.2025 - 13.07.2025,ca. 8000-10000,Bestätigt für 2025
Baden-Württemberg,Engen,Altstadtfest Engen,78234,26.07.2025 - 27.07.2025,ca. 15000,Bestätigt für 2025
Baden-Württemberg,Esslingen,Bergfest in Hegensberg-Liebersbronn,73732,Status unklar/ABGESAGT,ABGESAGT (lt. Liste),"Früher ca. 3000-5000; Zukunft unklar"
Baden-Württemberg,Esslingen,Schwörfest Esslingen,73728,04.07.2025 - 07.07.2025,ca. 30000,Bestätigt für 2025
Baden-Württemberg,Freudenstadt,Stadtfest Freudenstadt,72250,Anfang Juli (z.B. 04.07.-06.07.2025 tba),ca. 40000,Typischer Zeitraum; 2025 Termin tba
Baden-Württemberg,Friedrichshafen,"Interkulturelles Stadtfest (Seehasenfest großer)",88045,05.07.2025,"ca. 5000-8000 (IKF)",Seehasenfest (Mitte Juli) ist das große Stadtfest
Baden-Württemberg,Gernsbach,Altstadtfest Gernsbach,76593,19.09.2025 - 21.09.2025,ca. 10000,Bestätigt für 2025
Baden-Württemberg,"Giengen an der Brenz","Panscher-Treff (Stadtfest)",89537,25.07.2025 - 28.07.2025,ca. 15000,Bestätigt für 2025
Baden-Württemberg,Hayingen,"Stadtfest mit Kunst- und Handwerkermarkt",72534,25.07.2025 - 27.07.2025,ca. 5000,Bestätigt für 2025
Baden-Württemberg,Hechingen,"Irma-West-Kinder- und Heimatfest",72379,18.07.2025 - 21.07.2025,ca. 20000,Bestätigt für 2025
Baden-Württemberg,Heidelberg,"Heidelberger Herbst (Altstadtfest)",69117,27.09.2025 (Letzter Sa im September),ca. 200000,Traditionell letzter Samstag im September
Baden-Württemberg,Heilbronn,NeckarFestival Heilbronn,74072,Unregelmäßig, zuletzt 2023,"ca. 50000-80000 (bei Austragung)",2025 Termin unklar
Baden-Württemberg,Herbrechtingen,"Stadt-, Heimat- und Kulturfest",89542,Findet nur alle paar Jahre statt,"ca. 10000 (bei Austragung)",2025 Termin unklar
Baden-Württemberg,Heubach,Stadtfest Heubach,73540,26.07.2025 - 27.07.2025,ca. 8000,Bestätigt für 2025
Baden-Württemberg,Ilshofen,Stadtfest Ilshofen,74532,"Alle 2 Jahre (zuletzt 2023, vsl. Juli 2025 tba)",ca. 5000,Nächstes regulär 2025 erwartet
Baden-Württemberg,Kandern,Städtlitag Kandern,79400,24.05.2025 - 25.05.2025,ca. 5000,Bestätigt für 2025
Baden-Württemberg,"Karlsruhe (Durlach)",Durlacher Altstadtfest,76227,04.07.2025 - 05.07.2025,ca. 80000,Bestätigt für 2025
Baden-Württemberg,Kenzingen,Altstadtfest Kenzingen,79341,Alle 2 Jahre (zuletzt 2024, daher vsl. 2026),"ca. 10000 (bei Austragung)",Nächstes regulär 2026 erwartet
Baden-Württemberg,"Kirchheim unter Teck",Haft- ond Hokafescht,73230,28.06.2025 - 29.06.2025,ca. 15000,Bestätigt für 2025
Baden-Württemberg,"Kirchzarten-Burg",Burger Fest,79199,August (genauer Termin 2025 tba),ca. 3000,Kleineres Stadtteilfest
Baden-Württemberg,Kirchzarten,"Schlossfest Kirchzarten (ehem. Dorfhock)",79199,25.07.2025 - 27.07.2025,ca. 10000,Bestätigt für 2025
Baden-Württemberg,"Korntal-Münchingen (Münchingen)",Hoba Fäschd Münchingen,70825,Anfang Juli (z.B. 04.07.-06.07.2025 tba),ca. 5000,Typischer Zeitraum; 2025 Termin tba
Baden-Württemberg,"Korntal-Münchingen (Korntal)",Stadtfest Korntal,70825,Alle 2 Jahre (zuletzt 2024, daher vsl. 2026),"ca. 8000 (bei Austragung)",Nächstes regulär 2026 erwartet
Baden-Württemberg,Löffingen,Städtlefest Löffingen,79843,"Alle 2 Jahre (zuletzt 2023, vsl. Juli 2025 tba)",ca. 10000,Nächstes regulär 2025 erwartet
Baden-Württemberg,Laichingen,Stadtfest Laichingen,89150,Mitte Juli (z.B. 11.07.-13.07.2025 tba),ca. 8000,Typischer Zeitraum; 2025 Termin tba
Baden-Württemberg,"Lorch (Württemberg)",Lorcher Löwenmarkt,73547,20.06.2025 - 23.06.2025,ca. 10000,Bestätigt für 2025
Baden-Württemberg,Ludwigsburg,Kastanienbeutelfest,71634,Ende Juni (z.B. 28.06.-29.06.2025 tba),ca. 15000,Typischer Zeitraum; 2025 Termin tba
Baden-Württemberg,Müllheim,Stadtfest Müllheim,79379,Alle 2 Jahre (zuletzt 2024, daher vsl. 2026),"ca. 20000 (bei Austragung)",Nächstes regulär 2026 erwartet
Baden-Württemberg,Mahlberg,Stadtfest Mahlberg,77972,Mitte Juli (z.B. 12.07.-13.07.2025 tba),ca. 5000,Typischer Zeitraum; 2025 Termin tba
Baden-Württemberg,Mannheim,Stadtfest Mannheim,68159,23.05.2025 - 25.05.2025,ca. 300000-400000,Bestätigt für 2025
Baden-Württemberg,Markdorf,Stadtfest Markdorf,88677,20.06.2025 - 22.06.2025,ca. 15000,Bestätigt für 2025
Baden-Württemberg,Meersburg,Historisches Stadtfest zu Meersburg,88709,"Alle 2 Jahre (zuletzt 2023, vsl. Sep. 2025 tba)",ca. 10000,Nächstes regulär 2025 erwartet
Baden-Württemberg,Mosbach,Frühlingsfest Mosbach,74821,Mitte Mai (z.B. 09.05.-11.05.2025 tba),ca. 20000,Typischer Zeitraum; 2025 Termin tba
Baden-Württemberg,Murrhardt,Stadtfest Murrhardt,71540,11.07.2025 - 13.07.2025,ca. 10000,Bestätigt für 2025
Baden-Württemberg,Nürtingen,"Nürtinger Neckarfest (Stadtfest)",72622,Ende Juni/Anfang Juli (z.B. 27.06.-29.06.2025 tba),ca. 30000,Typischer Zeitraum; 2025 Termin tba
Baden-Württemberg,"Neuenstadt am Kocher",Stadtfest Neuenstadt,74196,24.05.2025 - 25.05.2025,ca. 8000,Bestätigt für 2025
Baden-Württemberg,Neuffen,Stadtfest Neuffen,72639,Mitte Juli (z.B. 12.07.-13.07.2025 tba),ca. 5000,Typischer Zeitraum; 2025 Termin tba
Baden-Württemberg,Obermarchtal,"Heimatfest Peter & Paul",89611,27.06.2025 - 30.06.2025,ca. 8000,Bestätigt für 2025
Baden-Württemberg,Ochsenhausen,Öchslefest,88416,Mitte Juni (z.B. 13.06.-15.06.2025 tba),ca. 20000,Typischer Zeitraum; 2025 Termin tba
Baden-Württemberg,Oppenau,Stadtfest Oppenau,77728,"Alle 2 Jahre (zuletzt 2023, vsl. Juli 2025 tba)",ca. 5000,Nächstes regulär 2025 erwartet
Baden-Württemberg,Pforzheim,Lichterfest Pforzheim,75175,Ende Juli (z.B. 26.07.2025 tba),ca. 10000-15000,Typischer Zeitraum; 2025 Termin tba
Baden-Württemberg,Radolfzell,Hausherrenfest,78315,18.07.2025 - 21.07.2025,ca. 30000,"Bestätigt für 2025 (traditionelles Fest)"
Baden-Württemberg,Renchen,Stadtfest Renchen,77871,Alle 2 Jahre (zuletzt 2024, daher vsl. 2026),"ca. 8000 (bei Austragung)",Nächstes regulär 2026 erwartet
Baden-Württemberg,Reutlingen,Stadtfest Reutlingen,72764,"Alle 2 Jahre (zuletzt 2023, vsl. 04.07.-06.07.2025 tba)",ca. 80000-100000,Nächstes regulär 2025 erwartet
Baden-Württemberg,"Rheinfelden (Baden)",Cityfest Rheinfelden,79618,"19.06.2025 - 22.06.2025 (Fronleichnam)",ca. 20000,Bestätigt für 2025
Baden-Württemberg,Rottweil,Stadtfest Rottweil,78628,13.09.2025 - 14.09.2025,ca. 20000,Bestätigt für 2025
Baden-Württemberg,"Sankt Georgen",Stadtfest St. Georgen,78112,28.06.2025 - 29.06.2025,ca. 10000,Bestätigt für 2025
Baden-Württemberg,Schorndorf,"SchoWo (Schorndorfer Woche, Stadtfest)",73614,18.07.2025 - 22.07.2025,ca. 150000,Bestätigt für 2025
Baden-Württemberg,Schriesheim,Stadtfest Schriesheim,69198,Anfang Juli (z.B. 04.07.-06.07.2025 tba),ca. 15000,Typischer Zeitraum; 2025 Termin tba
Baden-Württemberg,"Schwäbisch Hall","Haller Herbst (Stadtfest)",74523,Mitte September (z.B. 12.09.-14.09.2025 tba),ca. 20000,Typischer Zeitraum; 2025 Termin tba
Baden-Württemberg,Sigmaringen,Stadtfest Sigmaringen,72488,28.06.2025 - 29.06.2025,ca. 15000,Bestätigt für 2025
Baden-Württemberg,"Singen (Hohentwiel)",Stadtfest Singen,78224,27.06.2025 - 29.06.2025,ca. 80000-100000,Bestätigt für 2025
Baden-Württemberg,Sinsheim,Stadtfest Sinsheim,74889,19.07.2025 - 20.07.2025,ca. 20000,Bestätigt für 2025
Baden-Württemberg,Stockach,"Schweizer Feiertag (mit Stadtfestcharakter)",78333,27.06.2025 - 30.06.2025,ca. 15000,Historisches Fest
Baden-Württemberg,Stuttgart,"Stuttgarter Sommerfest (Genusstage)",70173,Anfang August (z.B. 31.07.-03.08.2025 tba),ca. 400000-500000,Typischer Zeitraum; 2025 Termin tba
Baden-Württemberg,Tauberbischofsheim,Altstadtfest Tauberbischofsheim,97941,04.07.2025 - 06.07.2025,ca. 20000,Bestätigt für 2025
Baden-Württemberg,Titisee-Neustadt,"""Neustadt hockt und rockt"" (Stadtfest)",79822,27.06.2025 - 29.06.2025,ca. 15000,Bestätigt für 2025
Baden-Württemberg,Trossingen,Stadtfest Trossingen,78647,"Alle 2 Jahre (zuletzt 2023, vsl. Juli 2025 tba)",ca. 10000,Nächstes regulär 2025 erwartet
Baden-Württemberg,Vöhrenbach,Stadtfest Vöhrenbach,78147,Alle 2 Jahre (zuletzt 2024, daher vsl. 2026),"ca. 5000 (bei Austragung)",Nächstes regulär 2026 erwartet
Baden-Württemberg,Waiblingen,Altstadtfest Waiblingen,71332,27.06.2025 - 29.06.2025 (voraussichtlich),ca. 100000,Typischer Zeitraum letztes Juni-WE; 2025 Termin tba
Baden-Württemberg,Waldkirch,"Internationales Orgelfest (mit Klangfestival)",79183,27.06.2025 - 29.06.2025,ca. 8000,Spezialisiertes Festival mit Stadtfest-Elementen
Baden-Württemberg,Weingarten,Stadtfest Weingarten,88250,Mitte Juli (z.B. 11.07.-13.07.2025 tba),ca. 20000,Typischer Zeitraum; 2025 Termin tba
Baden-Württemberg,Weinheim,Weststadtfest Weinheim,69469,Anfang Juni (z.B. 31.05.-01.06.2025 tba),ca. 8000,Stadtteilfest
Baden-Württemberg,Welzheim,Straßenfest Welzheim,73642,25.07.2026 - 27.07.2026,ca. 10000,Findet alle 2 Jahre statt (Datum für 2026 angegeben)
Baden-Württemberg,"Wendlingen am Neckar",Cityfest mit Büttelmarkt,73240,Ende Juni (z.B. 28.06.-29.06.2025 tba),ca. 15000,Typischer Zeitraum; 2025 Termin tba
Baden-Württemberg,Wertheim,Altstadtfest Wertheim,97877,25.07.2025 - 27.07.2025,ca. 20000,Bestätigt für 2025
Baden-Württemberg,Wiesloch,Stadtfest Wiesloch,69168,04.07.2025 - 06.07.2025,ca. 30000,Bestätigt für 2025
